"","BioRepID","FilterID","SAMPLE.ID","BIO.REP","DATE..YYYYMMDD.","TIME.START","STATION.START","Latitude.start","Longitude.start","TIME.END","STATION.END","Latitude.end","Longitude.end","Inshore.Offshore","Vol..FILT..REP..1..L.","Vol..FILT..REP..2..L.","SAMPLE.TYPE","NOTES","X","Lat.start..degrees..decimal.minutes.","Lon.start","Lat.end","Lon.end","Storage.box","Experiment","Cruise","Year","Month","SequencingRun","Volume.filtered..mL.","Depth..m.","depth.rank","Collection.method","dist_km","datetime_start","datetime_end","filtration_time_min"
"X91925_1_1","X91925_1","","","","","","","","","","","","","","","","","","","","","","","","","","","","","","5","1","","","","",""
"X91925_1_2","X91925_1","","","","","","","","","","","","","","","","","","","","","","","","","","","","","","5","1","","","","",""
"X91925_1_3","X91925_1","","","","","","","","","","","","","","","","","","","","","","","","","","","","","","5","1","","","","",""
"X91925_1_4","X91925_1","","","","","","","","","","","","","","","","","","","","","","","","","","","","","","5","1","","","","",""
"F006_2_1","F006_2","F006","RL2501_LINE93.3-50.0_F006_2","2.0","20250104.0","17:35","93.3-50","32.1774","-118.891","18:04","93.3-50","32.1725","-118.8944","Inshore","9.0","","Station","Humpbacks singing","","","","","","","Winter CalCOFI 2025","RL2501","2025.0","1.0","GGBC_JAN2026","9.0","5","1","MOSAIC-E","0.630925231146853","2025-01-04 17:35:00","2025-01-04 18:04:00","29.0"
"F006_2_2","F006_2","F006","RL2501_LINE93.3-50.0_F006_2","2.0","20250104.0","17:35","93.3-50","32.1774","-118.891","18:04","93.3-50","32.1725","-118.8944","Inshore","9.0","","Station","Humpbacks singing","","","","","","","Winter CalCOFI 2025","RL2501","2025.0","1.0","GGBC_JAN2026","9.0","5","1","MOSAIC-E","0.630925231146853","2025-01-04 17:35:00","2025-01-04 18:04:00","29.0"
"F006_2_3","F006_2","F006","RL2501_LINE93.3-50.0_F006_2","2.0","20250104.0","17:35","93.3-50","32.1774","-118.891","18:04","93.3-50","32.1725","-118.8944","Inshore","9.0","","Station","Humpbacks singing","","","","","","","Winter CalCOFI 2025","RL2501","2025.0","1.0","GGBC_JAN2026","9.0","5","1","MOSAIC-E","0.630925231146853","2025-01-04 17:35:00","2025-01-04 18:04:00","29.0"
"F006_2_4","F006_2","F006","RL2501_LINE93.3-50.0_F006_2","2.0","20250104.0","17:35","93.3-50","32.1774","-118.891","18:04","93.3-50","32.1725","-118.8944","Inshore","9.0","","Station","Humpbacks singing","","","","","","","Winter CalCOFI 2025","RL2501","2025.0","1.0","GGBC_JAN2026","9.0","5","1","MOSAIC-E","0.630925231146853","2025-01-04 17:35:00","2025-01-04 18:04:00","29.0"
"F010_1_1","F010_1","F010","RL2501_LINE93.3-80_F010_1","1.0","20250105.0","13:07","93.3-80","31.1821","-120.921","13:34","93.3-80","31.1824","-120.9266","Offshore","11.0","na","Station","","","","","","","","Winter CalCOFI 2025","RL2501","2025.0","1.0","GGBC_JAN2026","11.0","5","1","MOSAIC-E","0.534839296971353","2025-01-05 13:07:00","2025-01-05 13:34:00","27.0"
"F010_1_2","F010_1","F010","RL2501_LINE93.3-80_F010_1","1.0","20250105.0","13:07","93.3-80","31.1821","-120.921","13:34","93.3-80","31.1824","-120.9266","Offshore","11.0","na","Station","","","","","","","","Winter CalCOFI 2025","RL2501","2025.0","1.0","GGBC_JAN2026","11.0","5","1","MOSAIC-E","0.534839296971353","2025-01-05 13:07:00","2025-01-05 13:34:00","27.0"
"F010_1_3","F010_1","F010","RL2501_LINE93.3-80_F010_1","1.0","20250105.0","13:07","93.3-80","31.1821","-120.921","13:34","93.3-80","31.1824","-120.9266","Offshore","11.0","na","Station","","","","","","","","Winter CalCOFI 2025","RL2501","2025.0","1.0","GGBC_JAN2026","11.0","5","1","MOSAIC-E","0.534839296971353","2025-01-05 13:07:00","2025-01-05 13:34:00","27.0"
"F010_1_4","F010_1","F010","RL2501_LINE93.3-80_F010_1","1.0","20250105.0","13:07","93.3-80","31.1821","-120.921","13:34","93.3-80","31.1824","-120.9266","Offshore","11.0","na","Station","","","","","","","","Winter CalCOFI 2025","RL2501","2025.0","1.0","GGBC_JAN2026","11.0","5","1","MOSAIC-E","0.534839296971353","2025-01-05 13:07:00","2025-01-05 13:34:00","27.0"
"F022_1_1","F022_1","F022","RL2501_LINE90-90_F022_1","1.0","20250107.0","15:09","90-90","31.4318","-122.0045","19:11","90-80","31.75128","-121.316","Offshore","21.0","na","Full transect","Finwhale, humpback, short beaked common dolphin","","","","","","","Winter CalCOFI 2025","RL2501","2025.0","1.0","GGBC_JAN2026","21.0","5","1","MOSAIC-A","74.3291166133075","2025-01-07 15:09:00","2025-01-07 19:11:00","242.0"
"F022_1_2","F022_1","F022","RL2501_LINE90-90_F022_1","1.0","20250107.0","15:09","90-90","31.4318","-122.0045","19:11","90-80","31.75128","-121.316","Offshore","21.0","na","Full transect","Finwhale, humpback, short beaked common dolphin","","","","","","","Winter CalCOFI 2025","RL2501","2025.0","1.0","GGBC_JAN2026","21.0","5","1","MOSAIC-A","74.3291166133075","2025-01-07 15:09:00","2025-01-07 19:11:00","242.0"
"F022_1_3","F022_1","F022","RL2501_LINE90-90_F022_1","1.0","20250107.0","15:09","90-90","31.4318","-122.0045","19:11","90-80","31.75128","-121.316","Offshore","21.0","na","Full transect","Finwhale, humpback, short beaked common dolphin","","","","","","","Winter CalCOFI 2025","RL2501","2025.0","1.0","GGBC_JAN2026","21.0","5","1","MOSAIC-A","74.3291166133075","2025-01-07 15:09:00","2025-01-07 19:11:00","242.0"
"F022_1_4","F022_1","F022","RL2501_LINE90-90_F022_1","1.0","20250107.0","15:09","90-90","31.4318","-122.0045","19:11","90-80","31.75128","-121.316","Offshore","21.0","na","Full transect","Finwhale, humpback, short beaked common dolphin","","","","","","","Winter CalCOFI 2025","RL2501","2025.0","1.0","GGBC_JAN2026","21.0","5","1","MOSAIC-A","74.3291166133075","2025-01-07 15:09:00","2025-01-07 19:11:00","242.0"
"F031_1_1","F031_1","F031","RL2501_LINE90-30_F031_1","1.0","20250109.0","8:20","90-30","33.4366","-117.8832","9:04","90-28","33.4768","-117.7661","Inshore","15.0","","Full transect","","","","","","","","Winter CalCOFI 2025","RL2501","2025.0","1.0","GGBC_JAN2026","15.0","5","1","MOSAIC-A","11.7643056812852","2025-01-09 08:20:00","2025-01-09 09:04:00","44.0"
"F031_1_2","F031_1","F031","RL2501_LINE90-30_F031_1","1.0","20250109.0","8:20","90-30","33.4366","-117.8832","9:04","90-28","33.4768","-117.7661","Inshore","15.0","","Full transect","","","","","","","","Winter CalCOFI 2025","RL2501","2025.0","1.0","GGBC_JAN2026","15.0","5","1","MOSAIC-A","11.7643056812852","2025-01-09 08:20:00","2025-01-09 09:04:00","44.0"
"F031_1_3","F031_1","F031","RL2501_LINE90-30_F031_1","1.0","20250109.0","8:20","90-30","33.4366","-117.8832","9:04","90-28","33.4768","-117.7661","Inshore","15.0","","Full transect","","","","","","","","Winter CalCOFI 2025","RL2501","2025.0","1.0","GGBC_JAN2026","15.0","5","1","MOSAIC-A","11.7643056812852","2025-01-09 08:20:00","2025-01-09 09:04:00","44.0"
"F031_1_4","F031_1","F031","RL2501_LINE90-30_F031_1","1.0","20250109.0","8:20","90-30","33.4366","-117.8832","9:04","90-28","33.4768","-117.7661","Inshore","15.0","","Full transect","","","","","","","","Winter CalCOFI 2025","RL2501","2025.0","1.0","GGBC_JAN2026","15.0","5","1","MOSAIC-A","11.7643056812852","2025-01-09 08:20:00","2025-01-09 09:04:00","44.0"
"F035_1_1","F035_1","F035","RL2501_LINE88.5-30-1_F035_1","1.0","20250109.0","14:34","88.5-30-1","33.6468","-118.1366","18:15","86.8-32.5","33.8818","-118.4517","Inshore","17.0","na","Full transect","Dolphins and fin whale","","","","","","","Winter CalCOFI 2025","RL2501","2025.0","1.0","GGBC_JAN2026","17.0","5","1","MOSAIC-A","39.1345331029664","2025-01-09 14:34:00","2025-01-09 18:15:00","221.0"
"F035_1_2","F035_1","F035","RL2501_LINE88.5-30-1_F035_1","1.0","20250109.0","14:34","88.5-30-1","33.6468","-118.1366","18:15","86.8-32.5","33.8818","-118.4517","Inshore","17.0","na","Full transect","Dolphins and fin whale","","","","","","","Winter CalCOFI 2025","RL2501","2025.0","1.0","GGBC_JAN2026","17.0","5","1","MOSAIC-A","39.1345331029664","2025-01-09 14:34:00","2025-01-09 18:15:00","221.0"
"F035_1_3","F035_1","F035","RL2501_LINE88.5-30-1_F035_1","1.0","20250109.0","14:34","88.5-30-1","33.6468","-118.1366","18:15","86.8-32.5","33.8818","-118.4517","Inshore","17.0","na","Full transect","Dolphins and fin whale","","","","","","","Winter CalCOFI 2025","RL2501","2025.0","1.0","GGBC_JAN2026","17.0","5","1","MOSAIC-A","39.1345331029664","2025-01-09 14:34:00","2025-01-09 18:15:00","221.0"
"F035_1_4","F035_1","F035","RL2501_LINE88.5-30-1_F035_1","1.0","20250109.0","14:34","88.5-30-1","33.6468","-118.1366","18:15","86.8-32.5","33.8818","-118.4517","Inshore","17.0","na","Full transect","Dolphins and fin whale","","","","","","","Winter CalCOFI 2025","RL2501","2025.0","1.0","GGBC_JAN2026","17.0","5","1","MOSAIC-A","39.1345331029664","2025-01-09 14:34:00","2025-01-09 18:15:00","221.0"
"F042_1_1","F042_1","F042","RL2501_LINE86.7-50_F042_1","1.0","20250110.0","13:23","86.7-50","33.3237","-119.6573","15:19","86.7-55","33.1597","-119.9978","Inshore","10.5","na","Full transect","Humpback whale","","","","","","","Winter CalCOFI 2025","RL2501","2025.0","1.0","GGBC_JAN2026","10.5","5","1","MOSAIC-A","36.5769198959803","2025-01-10 13:23:00","2025-01-10 15:19:00","116.0"
"F042_1_2","F042_1","F042","RL2501_LINE86.7-50_F042_1","1.0","20250110.0","13:23","86.7-50","33.3237","-119.6573","15:19","86.7-55","33.1597","-119.9978","Inshore","10.5","na","Full transect","Humpback whale","","","","","","","Winter CalCOFI 2025","RL2501","2025.0","1.0","GGBC_JAN2026","10.5","5","1","MOSAIC-A","36.5769198959803","2025-01-10 13:23:00","2025-01-10 15:19:00","116.0"
"F042_1_3","F042_1","F042","RL2501_LINE86.7-50_F042_1","1.0","20250110.0","13:23","86.7-50","33.3237","-119.6573","15:19","86.7-55","33.1597","-119.9978","Inshore","10.5","na","Full transect","Humpback whale","","","","","","","Winter CalCOFI 2025","RL2501","2025.0","1.0","GGBC_JAN2026","10.5","5","1","MOSAIC-A","36.5769198959803","2025-01-10 13:23:00","2025-01-10 15:19:00","116.0"
"F042_1_4","F042_1","F042","RL2501_LINE86.7-50_F042_1","1.0","20250110.0","13:23","86.7-50","33.3237","-119.6573","15:19","86.7-55","33.1597","-119.9978","Inshore","10.5","na","Full transect","Humpback whale","","","","","","","Winter CalCOFI 2025","RL2501","2025.0","1.0","GGBC_JAN2026","10.5","5","1","MOSAIC-A","36.5769198959803","2025-01-10 13:23:00","2025-01-10 15:19:00","116.0"
"F060_1_1","F060_1","F060","RL2501_LINE83.3-70_F060_1","1.0","20250113.0","12:17","83.3-70","33.2568","-121.4563","17:29","83.3-60","33.5691","-120.7553","Offshore","14.0","na","Full transect","Around station 60 mixed group of Pacific white sided dophins, Northern right whale dolphins, Sei whale, humpback whale.","","","","","","","Winter CalCOFI 2025","RL2501","2025.0","1.0","GGBC_JAN2026","14.0","5","1","MOSAIC-A","73.832738764504","2025-01-13 12:17:00","2025-01-13 17:29:00","312.0"
"F060_1_2","F060_1","F060","RL2501_LINE83.3-70_F060_1","1.0","20250113.0","12:17","83.3-70","33.2568","-121.4563","17:29","83.3-60","33.5691","-120.7553","Offshore","14.0","na","Full transect","Around station 60 mixed group of Pacific white sided dophins, Northern right whale dolphins, Sei whale, humpback whale.","","","","","","","Winter CalCOFI 2025","RL2501","2025.0","1.0","GGBC_JAN2026","14.0","5","1","MOSAIC-A","73.832738764504","2025-01-13 12:17:00","2025-01-13 17:29:00","312.0"
"F060_1_3","F060_1","F060","RL2501_LINE83.3-70_F060_1","1.0","20250113.0","12:17","83.3-70","33.2568","-121.4563","17:29","83.3-60","33.5691","-120.7553","Offshore","14.0","na","Full transect","Around station 60 mixed group of Pacific white sided dophins, Northern right whale dolphins, Sei whale, humpback whale.","","","","","","","Winter CalCOFI 2025","RL2501","2025.0","1.0","GGBC_JAN2026","14.0","5","1","MOSAIC-A","73.832738764504","2025-01-13 12:17:00","2025-01-13 17:29:00","312.0"
"F060_1_4","F060_1","F060","RL2501_LINE83.3-70_F060_1","1.0","20250113.0","12:17","83.3-70","33.2568","-121.4563","17:29","83.3-60","33.5691","-120.7553","Offshore","14.0","na","Full transect","Around station 60 mixed group of Pacific white sided dophins, Northern right whale dolphins, Sei whale, humpback whale.","","","","","","","Winter CalCOFI 2025","RL2501","2025.0","1.0","GGBC_JAN2026","14.0","5","1","MOSAIC-A","73.832738764504","2025-01-13 12:17:00","2025-01-13 17:29:00","312.0"
"F065_1_1","F065_1","F065","RL2501_LINE84.5-43.5_F065_1","1.0","20250114.0","9:39","84.5-43.5","33.9434","-119.4585","10:28","84-41.7","34.0486","-119.4161","Inshore","12.0","6","Full transect","1000 common dolphins","","3356.6063","-11927.5091","3402.9146","-11924.9641","","Winter CalCOFI 2025","RL2501","2025.0","1.0","GGBC_JAN2026","12.0","5","1","MOSAIC-A","12.3089974494329","2025-01-14 09:39:00","2025-01-14 10:28:00","49.0"
"F065_1_2","F065_1","F065","RL2501_LINE84.5-43.5_F065_1","1.0","20250114.0","9:39","84.5-43.5","33.9434","-119.4585","10:28","84-41.7","34.0486","-119.4161","Inshore","12.0","6","Full transect","1000 common dolphins","","3356.6063","-11927.5091","3402.9146","-11924.9641","","Winter CalCOFI 2025","RL2501","2025.0","1.0","GGBC_JAN2026","12.0","5","1","MOSAIC-A","12.3089974494329","2025-01-14 09:39:00","2025-01-14 10:28:00","49.0"
"F065_1_3","F065_1","F065","RL2501_LINE84.5-43.5_F065_1","1.0","20250114.0","9:39","84.5-43.5","33.9434","-119.4585","10:28","84-41.7","34.0486","-119.4161","Inshore","12.0","6","Full transect","1000 common dolphins","","3356.6063","-11927.5091","3402.9146","-11924.9641","","Winter CalCOFI 2025","RL2501","2025.0","1.0","GGBC_JAN2026","12.0","5","1","MOSAIC-A","12.3089974494329","2025-01-14 09:39:00","2025-01-14 10:28:00","49.0"
"F065_1_4","F065_1","F065","RL2501_LINE84.5-43.5_F065_1","1.0","20250114.0","9:39","84.5-43.5","33.9434","-119.4585","10:28","84-41.7","34.0486","-119.4161","Inshore","12.0","6","Full transect","1000 common dolphins","","3356.6063","-11927.5091","3402.9146","-11924.9641","","Winter CalCOFI 2025","RL2501","2025.0","1.0","GGBC_JAN2026","12.0","5","1","MOSAIC-A","12.3089974494329","2025-01-14 09:39:00","2025-01-14 10:28:00","49.0"
"F074_1_1","F074_1","F074","RL2501_LINE81.8-46.9_F074_1","1.0","20250115.0","2:27","81.8-46.9","34.2632","-120.0954","5:14","80-50.5","34.4507","-120.4934","Inshore","11.0","na","Full transect","3 finwhales surrounded by 7 orcas. Lat/lon start time was taken from the 02:32am timestamp since GPS was out at 02:27","","3415.792","-12005.7252","3427.0393","-12029.6063","","Winter CalCOFI 2025","RL2501","2025.0","1.0","GGBC_JAN2026","11.0","5","1","MOSAIC-A","42.1097595341506","2025-01-15 02:27:00","2025-01-15 05:14:00","167.0"
"F074_1_2","F074_1","F074","RL2501_LINE81.8-46.9_F074_1","1.0","20250115.0","2:27","81.8-46.9","34.2632","-120.0954","5:14","80-50.5","34.4507","-120.4934","Inshore","11.0","na","Full transect","3 finwhales surrounded by 7 orcas. Lat/lon start time was taken from the 02:32am timestamp since GPS was out at 02:27","","3415.792","-12005.7252","3427.0393","-12029.6063","","Winter CalCOFI 2025","RL2501","2025.0","1.0","GGBC_JAN2026","11.0","5","1","MOSAIC-A","42.1097595341506","2025-01-15 02:27:00","2025-01-15 05:14:00","167.0"
"F074_1_3","F074_1","F074","RL2501_LINE81.8-46.9_F074_1","1.0","20250115.0","2:27","81.8-46.9","34.2632","-120.0954","5:14","80-50.5","34.4507","-120.4934","Inshore","11.0","na","Full transect","3 finwhales surrounded by 7 orcas. Lat/lon start time was taken from the 02:32am timestamp since GPS was out at 02:27","","3415.792","-12005.7252","3427.0393","-12029.6063","","Winter CalCOFI 2025","RL2501","2025.0","1.0","GGBC_JAN2026","11.0","5","1","MOSAIC-A","42.1097595341506","2025-01-15 02:27:00","2025-01-15 05:14:00","167.0"
"F074_1_4","F074_1","F074","RL2501_LINE81.8-46.9_F074_1","1.0","20250115.0","2:27","81.8-46.9","34.2632","-120.0954","5:14","80-50.5","34.4507","-120.4934","Inshore","11.0","na","Full transect","3 finwhales surrounded by 7 orcas. Lat/lon start time was taken from the 02:32am timestamp since GPS was out at 02:27","","3415.792","-12005.7252","3427.0393","-12029.6063","","Winter CalCOFI 2025","RL2501","2025.0","1.0","GGBC_JAN2026","11.0","5","1","MOSAIC-A","42.1097595341506","2025-01-15 02:27:00","2025-01-15 05:14:00","167.0"
"F075_1_1","F075_1","F075","RL2501_LINE80-51_F075_1","1.0","20250115.0","7:34","80-51","34.4184","-120.596","8:52","80-55","34.3124","-120.7949","Inshore","4.0","na","Full transect","8 grey whales from 80-51 to 55","","3425.103","-12035.7573","3418.7422","-12047.6962","","Winter CalCOFI 2025","RL2501","2025.0","1.0","GGBC_JAN2026","4.0","5","1","MOSAIC-A","21.7489142044347","2025-01-15 07:34:00","2025-01-15 08:52:00","78.0"
"F075_1_2","F075_1","F075","RL2501_LINE80-51_F075_1","1.0","20250115.0","7:34","80-51","34.4184","-120.596","8:52","80-55","34.3124","-120.7949","Inshore","4.0","na","Full transect","8 grey whales from 80-51 to 55","","3425.103","-12035.7573","3418.7422","-12047.6962","","Winter CalCOFI 2025","RL2501","2025.0","1.0","GGBC_JAN2026","4.0","5","1","MOSAIC-A","21.7489142044347","2025-01-15 07:34:00","2025-01-15 08:52:00","78.0"
"F075_1_3","F075_1","F075","RL2501_LINE80-51_F075_1","1.0","20250115.0","7:34","80-51","34.4184","-120.596","8:52","80-55","34.3124","-120.7949","Inshore","4.0","na","Full transect","8 grey whales from 80-51 to 55","","3425.103","-12035.7573","3418.7422","-12047.6962","","Winter CalCOFI 2025","RL2501","2025.0","1.0","GGBC_JAN2026","4.0","5","1","MOSAIC-A","21.7489142044347","2025-01-15 07:34:00","2025-01-15 08:52:00","78.0"
"F075_1_4","F075_1","F075","RL2501_LINE80-51_F075_1","1.0","20250115.0","7:34","80-51","34.4184","-120.596","8:52","80-55","34.3124","-120.7949","Inshore","4.0","na","Full transect","8 grey whales from 80-51 to 55","","3425.103","-12035.7573","3418.7422","-12047.6962","","Winter CalCOFI 2025","RL2501","2025.0","1.0","GGBC_JAN2026","4.0","5","1","MOSAIC-A","21.7489142044347","2025-01-15 07:34:00","2025-01-15 08:52:00","78.0"
"F077_1_1","F077_1","F077","RL2501_LINE81.2-53.9_F077_1","1.0","20250115.0","14:02","81.2-53.9","34.1359","-120.5878","17:24","80.7-59.9","34.0297","-121.0433","Inshore","9.0","na","Full transect","3 finwhales surrounded by 7 orcas.","","3408.1546","-12035.2703","3401.7828","-12102.5967","","Winter CalCOFI 2025","RL2501","2025.0","1.0","GGBC_JAN2026","9.0","5","1","MOSAIC-A","43.6596144818229","2025-01-15 14:02:00","2025-01-15 17:24:00","202.0"
"F077_1_2","F077_1","F077","RL2501_LINE81.2-53.9_F077_1","1.0","20250115.0","14:02","81.2-53.9","34.1359","-120.5878","17:24","80.7-59.9","34.0297","-121.0433","Inshore","9.0","na","Full transect","3 finwhales surrounded by 7 orcas.","","3408.1546","-12035.2703","3401.7828","-12102.5967","","Winter CalCOFI 2025","RL2501","2025.0","1.0","GGBC_JAN2026","9.0","5","1","MOSAIC-A","43.6596144818229","2025-01-15 14:02:00","2025-01-15 17:24:00","202.0"
"F077_1_3","F077_1","F077","RL2501_LINE81.2-53.9_F077_1","1.0","20250115.0","14:02","81.2-53.9","34.1359","-120.5878","17:24","80.7-59.9","34.0297","-121.0433","Inshore","9.0","na","Full transect","3 finwhales surrounded by 7 orcas.","","3408.1546","-12035.2703","3401.7828","-12102.5967","","Winter CalCOFI 2025","RL2501","2025.0","1.0","GGBC_JAN2026","9.0","5","1","MOSAIC-A","43.6596144818229","2025-01-15 14:02:00","2025-01-15 17:24:00","202.0"
"F077_1_4","F077_1","F077","RL2501_LINE81.2-53.9_F077_1","1.0","20250115.0","14:02","81.2-53.9","34.1359","-120.5878","17:24","80.7-59.9","34.0297","-121.0433","Inshore","9.0","na","Full transect","3 finwhales surrounded by 7 orcas.","","3408.1546","-12035.2703","3401.7828","-12102.5967","","Winter CalCOFI 2025","RL2501","2025.0","1.0","GGBC_JAN2026","9.0","5","1","MOSAIC-A","43.6596144818229","2025-01-15 14:02:00","2025-01-15 17:24:00","202.0"
"F080_1_1","F080_1","F080","RL2501_LINE80-70_F080_1","1.0","20250116.0","3:47","80-70","33.8141","-121.8704","7:32","80-80","33.4746","-122.5258","Offshore","13.0","na","Full transect","","","3348.8466","-12152.2217","3328.476","-12231.545","","Winter CalCOFI 2025","RL2501","2025.0","1.0","GGBC_JAN2026","13.0","5","1","MOSAIC-A","71.5163918620031","2025-01-16 03:47:00","2025-01-16 07:32:00","225.0"
"F080_1_2","F080_1","F080","RL2501_LINE80-70_F080_1","1.0","20250116.0","3:47","80-70","33.8141","-121.8704","7:32","80-80","33.4746","-122.5258","Offshore","13.0","na","Full transect","","","3348.8466","-12152.2217","3328.476","-12231.545","","Winter CalCOFI 2025","RL2501","2025.0","1.0","GGBC_JAN2026","13.0","5","1","MOSAIC-A","71.5163918620031","2025-01-16 03:47:00","2025-01-16 07:32:00","225.0"
"F080_1_3","F080_1","F080","RL2501_LINE80-70_F080_1","1.0","20250116.0","3:47","80-70","33.8141","-121.8704","7:32","80-80","33.4746","-122.5258","Offshore","13.0","na","Full transect","","","3348.8466","-12152.2217","3328.476","-12231.545","","Winter CalCOFI 2025","RL2501","2025.0","1.0","GGBC_JAN2026","13.0","5","1","MOSAIC-A","71.5163918620031","2025-01-16 03:47:00","2025-01-16 07:32:00","225.0"
"F080_1_4","F080_1","F080","RL2501_LINE80-70_F080_1","1.0","20250116.0","3:47","80-70","33.8141","-121.8704","7:32","80-80","33.4746","-122.5258","Offshore","13.0","na","Full transect","","","3348.8466","-12152.2217","3328.476","-12231.545","","Winter CalCOFI 2025","RL2501","2025.0","1.0","GGBC_JAN2026","13.0","5","1","MOSAIC-A","71.5163918620031","2025-01-16 03:47:00","2025-01-16 07:32:00","225.0"
"F086_1_1","F086_1","F086","RL2501_LINE76.7-90_F086_1","1.0","20250117.0","7:51","76.7-90","33.7149","-123.6153","11:31","76.7-80","34.0549","-122.9407","Offshore","24.0","na","Full transect","","","3342.894","-12336.9198","3403.2963","-12256.4445","2.0","Winter CalCOFI 2025","RL2501","2025.0","1.0","GGBC_JAN2026","24.0","5","1","MOSAIC-A","72.9165252020204","2025-01-17 07:51:00","2025-01-17 11:31:00","220.0"
"F086_1_2","F086_1","F086","RL2501_LINE76.7-90_F086_1","1.0","20250117.0","7:51","76.7-90","33.7149","-123.6153","11:31","76.7-80","34.0549","-122.9407","Offshore","24.0","na","Full transect","","","3342.894","-12336.9198","3403.2963","-12256.4445","2.0","Winter CalCOFI 2025","RL2501","2025.0","1.0","GGBC_JAN2026","24.0","5","1","MOSAIC-A","72.9165252020204","2025-01-17 07:51:00","2025-01-17 11:31:00","220.0"
"F086_1_3","F086_1","F086","RL2501_LINE76.7-90_F086_1","1.0","20250117.0","7:51","76.7-90","33.7149","-123.6153","11:31","76.7-80","34.0549","-122.9407","Offshore","24.0","na","Full transect","","","3342.894","-12336.9198","3403.2963","-12256.4445","2.0","Winter CalCOFI 2025","RL2501","2025.0","1.0","GGBC_JAN2026","24.0","5","1","MOSAIC-A","72.9165252020204","2025-01-17 07:51:00","2025-01-17 11:31:00","220.0"
"F086_1_4","F086_1","F086","RL2501_LINE76.7-90_F086_1","1.0","20250117.0","7:51","76.7-90","33.7149","-123.6153","11:31","76.7-80","34.0549","-122.9407","Offshore","24.0","na","Full transect","","","3342.894","-12336.9198","3403.2963","-12256.4445","2.0","Winter CalCOFI 2025","RL2501","2025.0","1.0","GGBC_JAN2026","24.0","5","1","MOSAIC-A","72.9165252020204","2025-01-17 07:51:00","2025-01-17 11:31:00","220.0"
"F088_2_1","F088_2","F088","RL2501_LINE76.7-80_F088_2","2.0","20250117.0","13:19","76.7-80","34.0479","-122.9549","17:29","76.7-70","34.3876","-122.2461","Offshore","27.0","27","Full transect","","","3402.8713","-12257.2914","3423.254","-12214.7664","","Winter CalCOFI 2025","RL2501","2025.0","1.0","GGBC_JAN2026","27.0","5","1","MOSAIC-A","75.4047845435623","2025-01-17 13:19:00","2025-01-17 17:29:00","250.0"
"F088_2_2","F088_2","F088","RL2501_LINE76.7-80_F088_2","2.0","20250117.0","13:19","76.7-80","34.0479","-122.9549","17:29","76.7-70","34.3876","-122.2461","Offshore","27.0","27","Full transect","","","3402.8713","-12257.2914","3423.254","-12214.7664","","Winter CalCOFI 2025","RL2501","2025.0","1.0","GGBC_JAN2026","27.0","5","1","MOSAIC-A","75.4047845435623","2025-01-17 13:19:00","2025-01-17 17:29:00","250.0"
"F088_2_3","F088_2","F088","RL2501_LINE76.7-80_F088_2","2.0","20250117.0","13:19","76.7-80","34.0479","-122.9549","17:29","76.7-70","34.3876","-122.2461","Offshore","27.0","27","Full transect","","","3402.8713","-12257.2914","3423.254","-12214.7664","","Winter CalCOFI 2025","RL2501","2025.0","1.0","GGBC_JAN2026","27.0","5","1","MOSAIC-A","75.4047845435623","2025-01-17 13:19:00","2025-01-17 17:29:00","250.0"
"F088_2_4","F088_2","F088","RL2501_LINE76.7-80_F088_2","2.0","20250117.0","13:19","76.7-80","34.0479","-122.9549","17:29","76.7-70","34.3876","-122.2461","Offshore","27.0","27","Full transect","","","3402.8713","-12257.2914","3423.254","-12214.7664","","Winter CalCOFI 2025","RL2501","2025.0","1.0","GGBC_JAN2026","27.0","5","1","MOSAIC-A","75.4047845435623","2025-01-17 13:19:00","2025-01-17 17:29:00","250.0"
"F095_1_1","F095_1","F095","RL2501_LINE73-50_F095_1","1.0","20250120.0","12:20","73-50","35.6288","-121.2629","13:04","73-52.4","35.5748","-121.4037","Inshore","15.0","na","Full transect","","","","","","","","Winter CalCOFI 2025","RL2501","2025.0","1.0","GGBC_JAN2026","15.0","5","1","MOSAIC-A","14.095301876348","2025-01-20 12:20:00","2025-01-20 13:04:00","44.0"
"F095_1_2","F095_1","F095","RL2501_LINE73-50_F095_1","1.0","20250120.0","12:20","73-50","35.6288","-121.2629","13:04","73-52.4","35.5748","-121.4037","Inshore","15.0","na","Full transect","","","","","","","","Winter CalCOFI 2025","RL2501","2025.0","1.0","GGBC_JAN2026","15.0","5","1","MOSAIC-A","14.095301876348","2025-01-20 12:20:00","2025-01-20 13:04:00","44.0"
"F095_1_3","F095_1","F095","RL2501_LINE73-50_F095_1","1.0","20250120.0","12:20","73-50","35.6288","-121.2629","13:04","73-52.4","35.5748","-121.4037","Inshore","15.0","na","Full transect","","","","","","","","Winter CalCOFI 2025","RL2501","2025.0","1.0","GGBC_JAN2026","15.0","5","1","MOSAIC-A","14.095301876348","2025-01-20 12:20:00","2025-01-20 13:04:00","44.0"
"F095_1_4","F095_1","F095","RL2501_LINE73-50_F095_1","1.0","20250120.0","12:20","73-50","35.6288","-121.2629","13:04","73-52.4","35.5748","-121.4037","Inshore","15.0","na","Full transect","","","","","","","","Winter CalCOFI 2025","RL2501","2025.0","1.0","GGBC_JAN2026","15.0","5","1","MOSAIC-A","14.095301876348","2025-01-20 12:20:00","2025-01-20 13:04:00","44.0"
"F103_1_1","F103_1","F103","RL2501_LINE73.7-59.2_F103_1","1.0","20250121.0","7:38","73.7-59.2","35.2661","-121.8581","11:48","73.3-70","34.9764","-122.6554","Offshore","17.5","na","Full transect","","","","","","","2.0","Winter CalCOFI 2025","RL2501","2025.0","1.0","GGBC_JAN2026","17.5","5","1","MOSAIC-A","79.4657762621571","2025-01-21 07:38:00","2025-01-21 11:48:00","250.0"
"F103_1_2","F103_1","F103","RL2501_LINE73.7-59.2_F103_1","1.0","20250121.0","7:38","73.7-59.2","35.2661","-121.8581","11:48","73.3-70","34.9764","-122.6554","Offshore","17.5","na","Full transect","","","","","","","2.0","Winter CalCOFI 2025","RL2501","2025.0","1.0","GGBC_JAN2026","17.5","5","1","MOSAIC-A","79.4657762621571","2025-01-21 07:38:00","2025-01-21 11:48:00","250.0"
"F103_1_3","F103_1","F103","RL2501_LINE73.7-59.2_F103_1","1.0","20250121.0","7:38","73.7-59.2","35.2661","-121.8581","11:48","73.3-70","34.9764","-122.6554","Offshore","17.5","na","Full transect","","","","","","","2.0","Winter CalCOFI 2025","RL2501","2025.0","1.0","GGBC_JAN2026","17.5","5","1","MOSAIC-A","79.4657762621571","2025-01-21 07:38:00","2025-01-21 11:48:00","250.0"
"F103_1_4","F103_1","F103","RL2501_LINE73.7-59.2_F103_1","1.0","20250121.0","7:38","73.7-59.2","35.2661","-121.8581","11:48","73.3-70","34.9764","-122.6554","Offshore","17.5","na","Full transect","","","","","","","2.0","Winter CalCOFI 2025","RL2501","2025.0","1.0","GGBC_JAN2026","17.5","5","1","MOSAIC-A","79.4657762621571","2025-01-21 07:38:00","2025-01-21 11:48:00","250.0"
"F120_1_1","F120_1","F120","RL2501_LINE72-58.4_F120_1","1.0","20250125.0","1:55","72-58.4","35.6096","-122.0104","4:58","72.8-57.6","35.4679","-121.8481","Inshore","28.1","na","Full transect","B2-B4 short transit","","","","","","2.0","Winter CalCOFI 2025","RL2501","2025.0","1.0","GGBC_JAN2026","28.1","5","1","MOSAIC-A","21.5360036915421","2025-01-25 01:55:00","2025-01-25 04:58:00","183.0"
"F120_1_2","F120_1","F120","RL2501_LINE72-58.4_F120_1","1.0","20250125.0","1:55","72-58.4","35.6096","-122.0104","4:58","72.8-57.6","35.4679","-121.8481","Inshore","28.1","na","Full transect","B2-B4 short transit","","","","","","2.0","Winter CalCOFI 2025","RL2501","2025.0","1.0","GGBC_JAN2026","28.1","5","1","MOSAIC-A","21.5360036915421","2025-01-25 01:55:00","2025-01-25 04:58:00","183.0"
"F120_1_3","F120_1","F120","RL2501_LINE72-58.4_F120_1","1.0","20250125.0","1:55","72-58.4","35.6096","-122.0104","4:58","72.8-57.6","35.4679","-121.8481","Inshore","28.1","na","Full transect","B2-B4 short transit","","","","","","2.0","Winter CalCOFI 2025","RL2501","2025.0","1.0","GGBC_JAN2026","28.1","5","1","MOSAIC-A","21.5360036915421","2025-01-25 01:55:00","2025-01-25 04:58:00","183.0"
"F120_1_4","F120_1","F120","RL2501_LINE72-58.4_F120_1","1.0","20250125.0","1:55","72-58.4","35.6096","-122.0104","4:58","72.8-57.6","35.4679","-121.8481","Inshore","28.1","na","Full transect","B2-B4 short transit","","","","","","2.0","Winter CalCOFI 2025","RL2501","2025.0","1.0","GGBC_JAN2026","28.1","5","1","MOSAIC-A","21.5360036915421","2025-01-25 01:55:00","2025-01-25 04:58:00","183.0"
"F124_1_1","F124_1","F124","RL2501_LINE70-55_F124_1","1.0","20250125.0","15:40","70-55","36.0451","-122.022","17:30","70-51","36.1717","-121.727","Inshore","17.0","na","Full transect","","","","","","","","Winter CalCOFI 2025","RL2501","2025.0","1.0","GGBC_JAN2026","17.0","5","1","MOSAIC-A","30.0477436013717","2025-01-25 15:40:00","2025-01-25 17:30:00","110.0"
"F124_1_2","F124_1","F124","RL2501_LINE70-55_F124_1","1.0","20250125.0","15:40","70-55","36.0451","-122.022","17:30","70-51","36.1717","-121.727","Inshore","17.0","na","Full transect","","","","","","","","Winter CalCOFI 2025","RL2501","2025.0","1.0","GGBC_JAN2026","17.0","5","1","MOSAIC-A","30.0477436013717","2025-01-25 15:40:00","2025-01-25 17:30:00","110.0"
"F124_1_3","F124_1","F124","RL2501_LINE70-55_F124_1","1.0","20250125.0","15:40","70-55","36.0451","-122.022","17:30","70-51","36.1717","-121.727","Inshore","17.0","na","Full transect","","","","","","","","Winter CalCOFI 2025","RL2501","2025.0","1.0","GGBC_JAN2026","17.0","5","1","MOSAIC-A","30.0477436013717","2025-01-25 15:40:00","2025-01-25 17:30:00","110.0"
"F124_1_4","F124_1","F124","RL2501_LINE70-55_F124_1","1.0","20250125.0","15:40","70-55","36.0451","-122.022","17:30","70-51","36.1717","-121.727","Inshore","17.0","na","Full transect","","","","","","","","Winter CalCOFI 2025","RL2501","2025.0","1.0","GGBC_JAN2026","17.0","5","1","MOSAIC-A","30.0477436013717","2025-01-25 15:40:00","2025-01-25 17:30:00","110.0"
"F134_1_1","F134_1","F134","RL2501_LINE63.3-80_F134_1","1.0","20250127.0","9:58","63.3-80","36.3775","-124.6446","13:55","63.3-90","36.0391","-125.3331","Offshore","27.5","na","Full transect","","","","","","","","Winter CalCOFI 2025","RL2501","2025.0","1.0","GGBC_JAN2026","27.5","5","1","MOSAIC-A","72.4105866678195","2025-01-27 09:58:00","2025-01-27 13:55:00","237.0"
"F134_1_2","F134_1","F134","RL2501_LINE63.3-80_F134_1","1.0","20250127.0","9:58","63.3-80","36.3775","-124.6446","13:55","63.3-90","36.0391","-125.3331","Offshore","27.5","na","Full transect","","","","","","","","Winter CalCOFI 2025","RL2501","2025.0","1.0","GGBC_JAN2026","27.5","5","1","MOSAIC-A","72.4105866678195","2025-01-27 09:58:00","2025-01-27 13:55:00","237.0"
"F134_1_3","F134_1","F134","RL2501_LINE63.3-80_F134_1","1.0","20250127.0","9:58","63.3-80","36.3775","-124.6446","13:55","63.3-90","36.0391","-125.3331","Offshore","27.5","na","Full transect","","","","","","","","Winter CalCOFI 2025","RL2501","2025.0","1.0","GGBC_JAN2026","27.5","5","1","MOSAIC-A","72.4105866678195","2025-01-27 09:58:00","2025-01-27 13:55:00","237.0"
"F134_1_4","F134_1","F134","RL2501_LINE63.3-80_F134_1","1.0","20250127.0","9:58","63.3-80","36.3775","-124.6446","13:55","63.3-90","36.0391","-125.3331","Offshore","27.5","na","Full transect","","","","","","","","Winter CalCOFI 2025","RL2501","2025.0","1.0","GGBC_JAN2026","27.5","5","1","MOSAIC-A","72.4105866678195","2025-01-27 09:58:00","2025-01-27 13:55:00","237.0"
"F003_1_1","F003_1","F003","RL2501_LINE93.3-40.0_F003_1","1.0","20250104.0","11:35","93.3-40","32.5221","-118.2322","13:23","93.3-45","32.4401","-118.3645","Inshore","13.5","","Full transect","Possible beaked whale sighting ","","","","","","","Winter CalCOFI 2025","RL2501","2025.0","1.0","GGBC_JAN2026","13.5","5","1","MOSAIC-A","15.4057558526131","2025-01-04 11:35:00","2025-01-04 13:23:00","108.0"
"F003_1_2","F003_1","F003","RL2501_LINE93.3-40.0_F003_1","1.0","20250104.0","11:35","93.3-40","32.5221","-118.2322","13:23","93.3-45","32.4401","-118.3645","Inshore","13.5","","Full transect","Possible beaked whale sighting ","","","","","","","Winter CalCOFI 2025","RL2501","2025.0","1.0","GGBC_JAN2026","13.5","5","1","MOSAIC-A","15.4057558526131","2025-01-04 11:35:00","2025-01-04 13:23:00","108.0"
"F003_1_3","F003_1","F003","RL2501_LINE93.3-40.0_F003_1","1.0","20250104.0","11:35","93.3-40","32.5221","-118.2322","13:23","93.3-45","32.4401","-118.3645","Inshore","13.5","","Full transect","Possible beaked whale sighting ","","","","","","","Winter CalCOFI 2025","RL2501","2025.0","1.0","GGBC_JAN2026","13.5","5","1","MOSAIC-A","15.4057558526131","2025-01-04 11:35:00","2025-01-04 13:23:00","108.0"
"F003_1_4","F003_1","F003","RL2501_LINE93.3-40.0_F003_1","1.0","20250104.0","11:35","93.3-40","32.5221","-118.2322","13:23","93.3-45","32.4401","-118.3645","Inshore","13.5","","Full transect","Possible beaked whale sighting ","","","","","","","Winter CalCOFI 2025","RL2501","2025.0","1.0","GGBC_JAN2026","13.5","5","1","MOSAIC-A","15.4057558526131","2025-01-04 11:35:00","2025-01-04 13:23:00","108.0"
"F046_1_1","F046_1","F046","RL2501_LINE86.7-70_F046_1","1.0","20250111.0","3:13","86.7-70","32.647","-121.0516","6:54","86.7-80","32.3213","-121.7026","Offshore","11.0","","Full transect","","","","","","","","Winter CalCOFI 2025","RL2501","2025.0","1.0","GGBC_MAR2026","11.0","5","1","MOSAIC-A","70.99406530907885","2025-01-11 03:13:00","2025-01-11 06:54:00","221.0"
"F046_1_2","F046_1","F046","RL2501_LINE86.7-70_F046_1","1.0","20250111.0","3:13","86.7-70","32.647","-121.0516","6:54","86.7-80","32.3213","-121.7026","Offshore","11.0","","Full transect","","","","","","","","Winter CalCOFI 2025","RL2501","2025.0","1.0","GGBC_MAR2026","11.0","5","1","MOSAIC-A","70.99406530907885","2025-01-11 03:13:00","2025-01-11 06:54:00","221.0"
"F046_1_3","F046_1","F046","RL2501_LINE86.7-70_F046_1","1.0","20250111.0","3:13","86.7-70","32.647","-121.0516","6:54","86.7-80","32.3213","-121.7026","Offshore","11.0","","Full transect","","","","","","","","Winter CalCOFI 2025","RL2501","2025.0","1.0","GGBC_MAR2026","11.0","5","1","MOSAIC-A","70.99406530907885","2025-01-11 03:13:00","2025-01-11 06:54:00","221.0"
"F046_1_4","F046_1","F046","RL2501_LINE86.7-70_F046_1","1.0","20250111.0","3:13","86.7-70","32.647","-121.0516","6:54","86.7-80","32.3213","-121.7026","Offshore","11.0","","Full transect","","","","","","","","Winter CalCOFI 2025","RL2501","2025.0","1.0","GGBC_MAR2026","11.0","5","1","MOSAIC-A","70.99406530907885","2025-01-11 03:13:00","2025-01-11 06:54:00","221.0"
"F047_1_1","F047_1","F047","RL2501_LINE86.7-80_F047_1","1.0","20250111.0","8:08","86.7-80","32.3306","-121.7174","8:44","86.7-80","32.3329","-121.7199","Offshore","15.0","19.0","Station","Common dolphins","","","","","","","Winter CalCOFI 2025","RL2501","2025.0","1.0","GGBC_MAR2026","15.0","5","1","MOSAIC-E","0.3472468664946264","2025-01-11 08:08:00","2025-01-11 08:44:00","36.0"
"F047_1_2","F047_1","F047","RL2501_LINE86.7-80_F047_1","1.0","20250111.0","8:08","86.7-80","32.3306","-121.7174","8:44","86.7-80","32.3329","-121.7199","Offshore","15.0","19.0","Station","Common dolphins","","","","","","","Winter CalCOFI 2025","RL2501","2025.0","1.0","GGBC_MAR2026","15.0","5","1","MOSAIC-E","0.3472468664946264","2025-01-11 08:08:00","2025-01-11 08:44:00","36.0"
"F047_1_3","F047_1","F047","RL2501_LINE86.7-80_F047_1","1.0","20250111.0","8:08","86.7-80","32.3306","-121.7174","8:44","86.7-80","32.3329","-121.7199","Offshore","15.0","19.0","Station","Common dolphins","","","","","","","Winter CalCOFI 2025","RL2501","2025.0","1.0","GGBC_MAR2026","15.0","5","1","MOSAIC-E","0.3472468664946264","2025-01-11 08:08:00","2025-01-11 08:44:00","36.0"
"F047_1_4","F047_1","F047","RL2501_LINE86.7-80_F047_1","1.0","20250111.0","8:08","86.7-80","32.3306","-121.7174","8:44","86.7-80","32.3329","-121.7199","Offshore","15.0","19.0","Station","Common dolphins","","","","","","","Winter CalCOFI 2025","RL2501","2025.0","1.0","GGBC_MAR2026","15.0","5","1","MOSAIC-E","0.3472468664946264","2025-01-11 08:08:00","2025-01-11 08:44:00","36.0"
"F047_2_1","F047_2","F047","RL2501_LINE86.7-80_F047_2","2.0","20250111.0","8:08","86.7-80","32.3306","-121.7174","8:44","86.7-80","32.3329","-121.7199","Offshore","15.0","19.0","Station","Common dolphins","","","","","","","Winter CalCOFI 2025","RL2501","2025.0","1.0","GGBC_MAR2026","19.0","5","1","MOSAIC-E","0.3472468664946264","2025-01-11 08:08:00","2025-01-11 08:44:00","36.0"
"F047_2_2","F047_2","F047","RL2501_LINE86.7-80_F047_2","2.0","20250111.0","8:08","86.7-80","32.3306","-121.7174","8:44","86.7-80","32.3329","-121.7199","Offshore","15.0","19.0","Station","Common dolphins","","","","","","","Winter CalCOFI 2025","RL2501","2025.0","1.0","GGBC_MAR2026","19.0","5","1","MOSAIC-E","0.3472468664946264","2025-01-11 08:08:00","2025-01-11 08:44:00","36.0"
"F047_2_3","F047_2","F047","RL2501_LINE86.7-80_F047_2","2.0","20250111.0","8:08","86.7-80","32.3306","-121.7174","8:44","86.7-80","32.3329","-121.7199","Offshore","15.0","19.0","Station","Common dolphins","","","","","","","Winter CalCOFI 2025","RL2501","2025.0","1.0","GGBC_MAR2026","19.0","5","1","MOSAIC-E","0.3472468664946264","2025-01-11 08:08:00","2025-01-11 08:44:00","36.0"
"F047_2_4","F047_2","F047","RL2501_LINE86.7-80_F047_2","2.0","20250111.0","8:08","86.7-80","32.3306","-121.7174","8:44","86.7-80","32.3329","-121.7199","Offshore","15.0","19.0","Station","Common dolphins","","","","","","","Winter CalCOFI 2025","RL2501","2025.0","1.0","GGBC_MAR2026","19.0","5","1","MOSAIC-E","0.3472468664946264","2025-01-11 08:08:00","2025-01-11 08:44:00","36.0"
"F048_1_1","F048_1","F048","RL2501_LINE86.7-80_F048_1","1.0","20250111.0","9:40","86.7-80","32.3177","-121.7586","13:21","86.7-90","31.9892","-122.3927","Offshore","56.0","34.0","Full transect","","","","","","","","Winter CalCOFI 2025","RL2501","2025.0","1.0","GGBC_MAR2026","56.0","5","1","MOSAIC-A","69.98329114115265","2025-01-11 09:40:00","2025-01-11 13:21:00","221.0"
"F048_1_2","F048_1","F048","RL2501_LINE86.7-80_F048_1","1.0","20250111.0","9:40","86.7-80","32.3177","-121.7586","13:21","86.7-90","31.9892","-122.3927","Offshore","56.0","34.0","Full transect","","","","","","","","Winter CalCOFI 2025","RL2501","2025.0","1.0","GGBC_MAR2026","56.0","5","1","MOSAIC-A","69.98329114115265","2025-01-11 09:40:00","2025-01-11 13:21:00","221.0"
"F048_1_3","F048_1","F048","RL2501_LINE86.7-80_F048_1","1.0","20250111.0","9:40","86.7-80","32.3177","-121.7586","13:21","86.7-90","31.9892","-122.3927","Offshore","56.0","34.0","Full transect","","","","","","","","Winter CalCOFI 2025","RL2501","2025.0","1.0","GGBC_MAR2026","56.0","5","1","MOSAIC-A","69.98329114115265","2025-01-11 09:40:00","2025-01-11 13:21:00","221.0"
"F048_1_4","F048_1","F048","RL2501_LINE86.7-80_F048_1","1.0","20250111.0","9:40","86.7-80","32.3177","-121.7586","13:21","86.7-90","31.9892","-122.3927","Offshore","56.0","34.0","Full transect","","","","","","","","Winter CalCOFI 2025","RL2501","2025.0","1.0","GGBC_MAR2026","56.0","5","1","MOSAIC-A","69.98329114115265","2025-01-11 09:40:00","2025-01-11 13:21:00","221.0"
"F048_2_1","F048_2","F048","RL2501_LINE86.7-80_F048_2","2.0","20250111.0","9:40","86.7-80","32.3177","-121.7586","13:21","86.7-90","31.9892","-122.3927","Offshore","56.0","34.0","Full transect","","","","","","","","Winter CalCOFI 2025","RL2501","2025.0","1.0","GGBC_MAR2026","34.0","5","1","MOSAIC-A","69.98329114115265","2025-01-11 09:40:00","2025-01-11 13:21:00","221.0"
"F048_2_2","F048_2","F048","RL2501_LINE86.7-80_F048_2","2.0","20250111.0","9:40","86.7-80","32.3177","-121.7586","13:21","86.7-90","31.9892","-122.3927","Offshore","56.0","34.0","Full transect","","","","","","","","Winter CalCOFI 2025","RL2501","2025.0","1.0","GGBC_MAR2026","34.0","5","1","MOSAIC-A","69.98329114115265","2025-01-11 09:40:00","2025-01-11 13:21:00","221.0"
"F048_2_3","F048_2","F048","RL2501_LINE86.7-80_F048_2","2.0","20250111.0","9:40","86.7-80","32.3177","-121.7586","13:21","86.7-90","31.9892","-122.3927","Offshore","56.0","34.0","Full transect","","","","","","","","Winter CalCOFI 2025","RL2501","2025.0","1.0","GGBC_MAR2026","34.0","5","1","MOSAIC-A","69.98329114115265","2025-01-11 09:40:00","2025-01-11 13:21:00","221.0"
"F048_2_4","F048_2","F048","RL2501_LINE86.7-80_F048_2","2.0","20250111.0","9:40","86.7-80","32.3177","-121.7586","13:21","86.7-90","31.9892","-122.3927","Offshore","56.0","34.0","Full transect","","","","","","","","Winter CalCOFI 2025","RL2501","2025.0","1.0","GGBC_MAR2026","34.0","5","1","MOSAIC-A","69.98329114115265","2025-01-11 09:40:00","2025-01-11 13:21:00","221.0"
"F049_1_1","F049_1","F049","RL2501_LINE86.7-90_F049_1","1.0","20250111.0","13:46","86.7-90","31.9887","-122.3984","14:14","86.7-90","31.9881","-122.4042","Offshore","32.5","","Station","","","","","","","","Winter CalCOFI 2025","RL2501","2025.0","1.0","GGBC_MAR2026","32.5","5","1","MOSAIC-E","0.5510549947439601","2025-01-11 13:46:00","2025-01-11 14:14:00","28.0"
"F049_1_2","F049_1","F049","RL2501_LINE86.7-90_F049_1","1.0","20250111.0","13:46","86.7-90","31.9887","-122.3984","14:14","86.7-90","31.9881","-122.4042","Offshore","32.5","","Station","","","","","","","","Winter CalCOFI 2025","RL2501","2025.0","1.0","GGBC_MAR2026","32.5","5","1","MOSAIC-E","0.5510549947439601","2025-01-11 13:46:00","2025-01-11 14:14:00","28.0"
"F049_1_3","F049_1","F049","RL2501_LINE86.7-90_F049_1","1.0","20250111.0","13:46","86.7-90","31.9887","-122.3984","14:14","86.7-90","31.9881","-122.4042","Offshore","32.5","","Station","","","","","","","","Winter CalCOFI 2025","RL2501","2025.0","1.0","GGBC_MAR2026","32.5","5","1","MOSAIC-E","0.5510549947439601","2025-01-11 13:46:00","2025-01-11 14:14:00","28.0"
"F049_1_4","F049_1","F049","RL2501_LINE86.7-90_F049_1","1.0","20250111.0","13:46","86.7-90","31.9887","-122.3984","14:14","86.7-90","31.9881","-122.4042","Offshore","32.5","","Station","","","","","","","","Winter CalCOFI 2025","RL2501","2025.0","1.0","GGBC_MAR2026","32.5","5","1","MOSAIC-E","0.5510549947439601","2025-01-11 13:46:00","2025-01-11 14:14:00","28.0"
"F050_1_1","F050_1","F050","RL2501_LINE86.7-90_F050_1","1.0","20250111.0","14:54","86.7-90","31.9926","-122.4169","19:01","86.7-100","31.5371","-122.6674","Offshore","18.0","","1st Half transect","Common dolphins","","","","","","","Winter CalCOFI 2025","RL2501","2025.0","1.0","GGBC_MAR2026","18.0","5","1","MOSAIC-A","55.91234263260461","2025-01-11 14:54:00","2025-01-11 19:01:00","247.0"
"F050_1_2","F050_1","F050","RL2501_LINE86.7-90_F050_1","1.0","20250111.0","14:54","86.7-90","31.9926","-122.4169","19:01","86.7-100","31.5371","-122.6674","Offshore","18.0","","1st Half transect","Common dolphins","","","","","","","Winter CalCOFI 2025","RL2501","2025.0","1.0","GGBC_MAR2026","18.0","5","1","MOSAIC-A","55.91234263260461","2025-01-11 14:54:00","2025-01-11 19:01:00","247.0"
"F050_1_3","F050_1","F050","RL2501_LINE86.7-90_F050_1","1.0","20250111.0","14:54","86.7-90","31.9926","-122.4169","19:01","86.7-100","31.5371","-122.6674","Offshore","18.0","","1st Half transect","Common dolphins","","","","","","","Winter CalCOFI 2025","RL2501","2025.0","1.0","GGBC_MAR2026","18.0","5","1","MOSAIC-A","55.91234263260461","2025-01-11 14:54:00","2025-01-11 19:01:00","247.0"
"F050_1_4","F050_1","F050","RL2501_LINE86.7-90_F050_1","1.0","20250111.0","14:54","86.7-90","31.9926","-122.4169","19:01","86.7-100","31.5371","-122.6674","Offshore","18.0","","1st Half transect","Common dolphins","","","","","","","Winter CalCOFI 2025","RL2501","2025.0","1.0","GGBC_MAR2026","18.0","5","1","MOSAIC-A","55.91234263260461","2025-01-11 14:54:00","2025-01-11 19:01:00","247.0"
"F052_1_1","F052_1","F052","RL2501_LINE86.7-100_F052_1","1.0","20250111.0","22:49","86.7-100","31.6817","-123.0962","2:49","86.7-110","31.3151","-123.7334","Offshore","17.5","","Full transect","","","","","","","","Winter CalCOFI 2025","RL2501","2025.0","1.0","GGBC_MAR2026","17.5","5","1","MOSAIC-A","72.87977895022901","2025-01-11 22:49:00","2025-01-11 02:49:00","240.0"
"F052_1_2","F052_1","F052","RL2501_LINE86.7-100_F052_1","1.0","20250111.0","22:49","86.7-100","31.6817","-123.0962","2:49","86.7-110","31.3151","-123.7334","Offshore","17.5","","Full transect","","","","","","","","Winter CalCOFI 2025","RL2501","2025.0","1.0","GGBC_MAR2026","17.5","5","1","MOSAIC-A","72.87977895022901","2025-01-11 22:49:00","2025-01-11 02:49:00","240.0"
"F052_1_3","F052_1","F052","RL2501_LINE86.7-100_F052_1","1.0","20250111.0","22:49","86.7-100","31.6817","-123.0962","2:49","86.7-110","31.3151","-123.7334","Offshore","17.5","","Full transect","","","","","","","","Winter CalCOFI 2025","RL2501","2025.0","1.0","GGBC_MAR2026","17.5","5","1","MOSAIC-A","72.87977895022901","2025-01-11 22:49:00","2025-01-11 02:49:00","240.0"
"F052_1_4","F052_1","F052","RL2501_LINE86.7-100_F052_1","1.0","20250111.0","22:49","86.7-100","31.6817","-123.0962","2:49","86.7-110","31.3151","-123.7334","Offshore","17.5","","Full transect","","","","","","","","Winter CalCOFI 2025","RL2501","2025.0","1.0","GGBC_MAR2026","17.5","5","1","MOSAIC-A","72.87977895022901","2025-01-11 22:49:00","2025-01-11 02:49:00","240.0"
"F053_1_1","F053_1","F053","RL2501_LINE86.7-110_F053_1","1.0","20250112.0","4:35","86.7-110","31.3421","-123.7357","9:35","83.3-110","31.9049","-124.1656","Offshore","31.5","","Full transect","","","","","","","","Winter CalCOFI 2025","RL2501","2025.0","1.0","GGBC_MAR2026","31.5","5","1","MOSAIC-A","74.65353924749475","2025-01-12 04:35:00","2025-01-12 09:35:00","300.0"
"F053_1_2","F053_1","F053","RL2501_LINE86.7-110_F053_1","1.0","20250112.0","4:35","86.7-110","31.3421","-123.7357","9:35","83.3-110","31.9049","-124.1656","Offshore","31.5","","Full transect","","","","","","","","Winter CalCOFI 2025","RL2501","2025.0","1.0","GGBC_MAR2026","31.5","5","1","MOSAIC-A","74.65353924749475","2025-01-12 04:35:00","2025-01-12 09:35:00","300.0"
"F053_1_3","F053_1","F053","RL2501_LINE86.7-110_F053_1","1.0","20250112.0","4:35","86.7-110","31.3421","-123.7357","9:35","83.3-110","31.9049","-124.1656","Offshore","31.5","","Full transect","","","","","","","","Winter CalCOFI 2025","RL2501","2025.0","1.0","GGBC_MAR2026","31.5","5","1","MOSAIC-A","74.65353924749475","2025-01-12 04:35:00","2025-01-12 09:35:00","300.0"
"F053_1_4","F053_1","F053","RL2501_LINE86.7-110_F053_1","1.0","20250112.0","4:35","86.7-110","31.3421","-123.7357","9:35","83.3-110","31.9049","-124.1656","Offshore","31.5","","Full transect","","","","","","","","Winter CalCOFI 2025","RL2501","2025.0","1.0","GGBC_MAR2026","31.5","5","1","MOSAIC-A","74.65353924749475","2025-01-12 04:35:00","2025-01-12 09:35:00","300.0"
"F054_1_1","F054_1","F054","RL2501_LINE83.3-110_F054_1","1.0","20250112.0","12:11","83.3-110","31.9406","-124.1724","16:17","83.3-100","32.2426","-123.4899","Offshore","38.0","46.0","Full transect","","","","","","","","Winter CalCOFI 2025","RL2501","2025.0","1.0","GGBC_MAR2026","38.0","5","1","MOSAIC-A","72.53562075225597","2025-01-12 12:11:00","2025-01-12 16:17:00","246.0"
"F054_1_2","F054_1","F054","RL2501_LINE83.3-110_F054_1","1.0","20250112.0","12:11","83.3-110","31.9406","-124.1724","16:17","83.3-100","32.2426","-123.4899","Offshore","38.0","46.0","Full transect","","","","","","","","Winter CalCOFI 2025","RL2501","2025.0","1.0","GGBC_MAR2026","38.0","5","1","MOSAIC-A","72.53562075225597","2025-01-12 12:11:00","2025-01-12 16:17:00","246.0"
"F054_1_3","F054_1","F054","RL2501_LINE83.3-110_F054_1","1.0","20250112.0","12:11","83.3-110","31.9406","-124.1724","16:17","83.3-100","32.2426","-123.4899","Offshore","38.0","46.0","Full transect","","","","","","","","Winter CalCOFI 2025","RL2501","2025.0","1.0","GGBC_MAR2026","38.0","5","1","MOSAIC-A","72.53562075225597","2025-01-12 12:11:00","2025-01-12 16:17:00","246.0"
"F054_1_4","F054_1","F054","RL2501_LINE83.3-110_F054_1","1.0","20250112.0","12:11","83.3-110","31.9406","-124.1724","16:17","83.3-100","32.2426","-123.4899","Offshore","38.0","46.0","Full transect","","","","","","","","Winter CalCOFI 2025","RL2501","2025.0","1.0","GGBC_MAR2026","38.0","5","1","MOSAIC-A","72.53562075225597","2025-01-12 12:11:00","2025-01-12 16:17:00","246.0"
"F054_2_1","F054_2","F054","RL2501_LINE83.3-110_F054_2","2.0","20250112.0","12:11","83.3-110","31.9406","-124.1724","16:17","83.3-100","32.2426","-123.4899","Offshore","38.0","46.0","Full transect","","","","","","","","Winter CalCOFI 2025","RL2501","2025.0","1.0","GGBC_MAR2026","46.0","5","1","MOSAIC-A","72.53562075225597","2025-01-12 12:11:00","2025-01-12 16:17:00","246.0"
"F054_2_2","F054_2","F054","RL2501_LINE83.3-110_F054_2","2.0","20250112.0","12:11","83.3-110","31.9406","-124.1724","16:17","83.3-100","32.2426","-123.4899","Offshore","38.0","46.0","Full transect","","","","","","","","Winter CalCOFI 2025","RL2501","2025.0","1.0","GGBC_MAR2026","46.0","5","1","MOSAIC-A","72.53562075225597","2025-01-12 12:11:00","2025-01-12 16:17:00","246.0"
"F054_2_3","F054_2","F054","RL2501_LINE83.3-110_F054_2","2.0","20250112.0","12:11","83.3-110","31.9406","-124.1724","16:17","83.3-100","32.2426","-123.4899","Offshore","38.0","46.0","Full transect","","","","","","","","Winter CalCOFI 2025","RL2501","2025.0","1.0","GGBC_MAR2026","46.0","5","1","MOSAIC-A","72.53562075225597","2025-01-12 12:11:00","2025-01-12 16:17:00","246.0"
"F054_2_4","F054_2","F054","RL2501_LINE83.3-110_F054_2","2.0","20250112.0","12:11","83.3-110","31.9406","-124.1724","16:17","83.3-100","32.2426","-123.4899","Offshore","38.0","46.0","Full transect","","","","","","","","Winter CalCOFI 2025","RL2501","2025.0","1.0","GGBC_MAR2026","46.0","5","1","MOSAIC-A","72.53562075225597","2025-01-12 12:11:00","2025-01-12 16:17:00","246.0"
"F055_1_1","F055_1","F055","RL2501_LINE83.3-110_F055_1","1.0","20250112.0","16:39","83.3-110","32.2451","-123.4937","17:03","83.3-100","32.2457","-123.4989","Offshore","18.0","","Station","","","","","","","","Winter CalCOFI 2025","RL2501","2025.0","1.0","GGBC_MAR2026","18.0","5","1","MOSAIC-E","0.49356607643731354","2025-01-12 16:39:00","2025-01-12 17:03:00","24.0"
"F055_1_2","F055_1","F055","RL2501_LINE83.3-110_F055_1","1.0","20250112.0","16:39","83.3-110","32.2451","-123.4937","17:03","83.3-100","32.2457","-123.4989","Offshore","18.0","","Station","","","","","","","","Winter CalCOFI 2025","RL2501","2025.0","1.0","GGBC_MAR2026","18.0","5","1","MOSAIC-E","0.49356607643731354","2025-01-12 16:39:00","2025-01-12 17:03:00","24.0"
"F055_1_3","F055_1","F055","RL2501_LINE83.3-110_F055_1","1.0","20250112.0","16:39","83.3-110","32.2451","-123.4937","17:03","83.3-100","32.2457","-123.4989","Offshore","18.0","","Station","","","","","","","","Winter CalCOFI 2025","RL2501","2025.0","1.0","GGBC_MAR2026","18.0","5","1","MOSAIC-E","0.49356607643731354","2025-01-12 16:39:00","2025-01-12 17:03:00","24.0"
"F055_1_4","F055_1","F055","RL2501_LINE83.3-110_F055_1","1.0","20250112.0","16:39","83.3-110","32.2451","-123.4937","17:03","83.3-100","32.2457","-123.4989","Offshore","18.0","","Station","","","","","","","","Winter CalCOFI 2025","RL2501","2025.0","1.0","GGBC_MAR2026","18.0","5","1","MOSAIC-E","0.49356607643731354","2025-01-12 16:39:00","2025-01-12 17:03:00","24.0"
"F056_1_1","F056_1","F056","RL2501_LINE83.3-100_F056_1","1.0","20250112.0","18:04","83.3-100","32.2679","-123.5013","22:21","83.3-90","32.5701","-122.8033","Offshore","14.0","","Full transect","","","","","","","","Winter CalCOFI 2025","RL2501","2025.0","1.0","GGBC_MAR2026","14.0","5","1","MOSAIC-A","73.63239590140564","2025-01-12 18:04:00","2025-01-12 22:21:00","257.0"
"F056_1_2","F056_1","F056","RL2501_LINE83.3-100_F056_1","1.0","20250112.0","18:04","83.3-100","32.2679","-123.5013","22:21","83.3-90","32.5701","-122.8033","Offshore","14.0","","Full transect","","","","","","","","Winter CalCOFI 2025","RL2501","2025.0","1.0","GGBC_MAR2026","14.0","5","1","MOSAIC-A","73.63239590140564","2025-01-12 18:04:00","2025-01-12 22:21:00","257.0"
"F056_1_3","F056_1","F056","RL2501_LINE83.3-100_F056_1","1.0","20250112.0","18:04","83.3-100","32.2679","-123.5013","22:21","83.3-90","32.5701","-122.8033","Offshore","14.0","","Full transect","","","","","","","","Winter CalCOFI 2025","RL2501","2025.0","1.0","GGBC_MAR2026","14.0","5","1","MOSAIC-A","73.63239590140564","2025-01-12 18:04:00","2025-01-12 22:21:00","257.0"
"F056_1_4","F056_1","F056","RL2501_LINE83.3-100_F056_1","1.0","20250112.0","18:04","83.3-100","32.2679","-123.5013","22:21","83.3-90","32.5701","-122.8033","Offshore","14.0","","Full transect","","","","","","","","Winter CalCOFI 2025","RL2501","2025.0","1.0","GGBC_MAR2026","14.0","5","1","MOSAIC-A","73.63239590140564","2025-01-12 18:04:00","2025-01-12 22:21:00","257.0"
"F058_1_1","F058_1","F058","RL2501_LINE83.3-80_F058_1","1.0","20250113.0","6:09","83.3-80","32.9118","-122.1346","10:28","83.3-70","33.2367","-121.4393","Offshore","20.0","","Full transect","300-400 common dolphins","","","","","","","Winter CalCOFI 2025","RL2501","2025.0","1.0","GGBC_MAR2026","20.0","5","1","MOSAIC-A","74.17809235358436","2025-01-13 06:09:00","2025-01-13 10:28:00","259.0"
"F058_1_2","F058_1","F058","RL2501_LINE83.3-80_F058_1","1.0","20250113.0","6:09","83.3-80","32.9118","-122.1346","10:28","83.3-70","33.2367","-121.4393","Offshore","20.0","","Full transect","300-400 common dolphins","","","","","","","Winter CalCOFI 2025","RL2501","2025.0","1.0","GGBC_MAR2026","20.0","5","1","MOSAIC-A","74.17809235358436","2025-01-13 06:09:00","2025-01-13 10:28:00","259.0"
"F058_1_3","F058_1","F058","RL2501_LINE83.3-80_F058_1","1.0","20250113.0","6:09","83.3-80","32.9118","-122.1346","10:28","83.3-70","33.2367","-121.4393","Offshore","20.0","","Full transect","300-400 common dolphins","","","","","","","Winter CalCOFI 2025","RL2501","2025.0","1.0","GGBC_MAR2026","20.0","5","1","MOSAIC-A","74.17809235358436","2025-01-13 06:09:00","2025-01-13 10:28:00","259.0"
"F058_1_4","F058_1","F058","RL2501_LINE83.3-80_F058_1","1.0","20250113.0","6:09","83.3-80","32.9118","-122.1346","10:28","83.3-70","33.2367","-121.4393","Offshore","20.0","","Full transect","300-400 common dolphins","","","","","","","Winter CalCOFI 2025","RL2501","2025.0","1.0","GGBC_MAR2026","20.0","5","1","MOSAIC-A","74.17809235358436","2025-01-13 06:09:00","2025-01-13 10:28:00","259.0"
"F059_1_1","F059_1","F059","RL2501_LINE83.3-70_F059_1","1.0","20250113.0","10:33","83.3-70","33.2378","-121.4405","11:17","83.3-70","33.2456","-121.4459","Offshore","14.0","","Station","","","","","","","","Winter CalCOFI 2025","RL2501","2025.0","1.0","GGBC_MAR2026","14.0","5","1","MOSAIC-E","1.0022212549716876","2025-01-13 10:33:00","2025-01-13 11:17:00","44.0"
"F059_1_2","F059_1","F059","RL2501_LINE83.3-70_F059_1","1.0","20250113.0","10:33","83.3-70","33.2378","-121.4405","11:17","83.3-70","33.2456","-121.4459","Offshore","14.0","","Station","","","","","","","","Winter CalCOFI 2025","RL2501","2025.0","1.0","GGBC_MAR2026","14.0","5","1","MOSAIC-E","1.0022212549716876","2025-01-13 10:33:00","2025-01-13 11:17:00","44.0"
"F059_1_3","F059_1","F059","RL2501_LINE83.3-70_F059_1","1.0","20250113.0","10:33","83.3-70","33.2378","-121.4405","11:17","83.3-70","33.2456","-121.4459","Offshore","14.0","","Station","","","","","","","","Winter CalCOFI 2025","RL2501","2025.0","1.0","GGBC_MAR2026","14.0","5","1","MOSAIC-E","1.0022212549716876","2025-01-13 10:33:00","2025-01-13 11:17:00","44.0"
"F059_1_4","F059_1","F059","RL2501_LINE83.3-70_F059_1","1.0","20250113.0","10:33","83.3-70","33.2378","-121.4405","11:17","83.3-70","33.2456","-121.4459","Offshore","14.0","","Station","","","","","","","","Winter CalCOFI 2025","RL2501","2025.0","1.0","GGBC_MAR2026","14.0","5","1","MOSAIC-E","1.0022212549716876","2025-01-13 10:33:00","2025-01-13 11:17:00","44.0"
"F061_1_1","F061_1","F061","RL2501_LINE83.3-60_F061_1","1.0","20250113.0","19:30","83.3-60","33.594","-120.7681","21:30","83.3-55","33.7374","-120.402","Inshore","10.5","","Full transect","","","","","","","","Winter CalCOFI 2025","RL2501","2025.0","1.0","GGBC_MAR2026","10.5","5","1","MOSAIC-A","37.44569198126907","2025-01-13 19:30:00","2025-01-13 21:30:00","120.0"
"F061_1_2","F061_1","F061","RL2501_LINE83.3-60_F061_1","1.0","20250113.0","19:30","83.3-60","33.594","-120.7681","21:30","83.3-55","33.7374","-120.402","Inshore","10.5","","Full transect","","","","","","","","Winter CalCOFI 2025","RL2501","2025.0","1.0","GGBC_MAR2026","10.5","5","1","MOSAIC-A","37.44569198126907","2025-01-13 19:30:00","2025-01-13 21:30:00","120.0"
"F061_1_3","F061_1","F061","RL2501_LINE83.3-60_F061_1","1.0","20250113.0","19:30","83.3-60","33.594","-120.7681","21:30","83.3-55","33.7374","-120.402","Inshore","10.5","","Full transect","","","","","","","","Winter CalCOFI 2025","RL2501","2025.0","1.0","GGBC_MAR2026","10.5","5","1","MOSAIC-A","37.44569198126907","2025-01-13 19:30:00","2025-01-13 21:30:00","120.0"
"F061_1_4","F061_1","F061","RL2501_LINE83.3-60_F061_1","1.0","20250113.0","19:30","83.3-60","33.594","-120.7681","21:30","83.3-55","33.7374","-120.402","Inshore","10.5","","Full transect","","","","","","","","Winter CalCOFI 2025","RL2501","2025.0","1.0","GGBC_MAR2026","10.5","5","1","MOSAIC-A","37.44569198126907","2025-01-13 19:30:00","2025-01-13 21:30:00","120.0"
"F062_1_1","F062_1","F062","RL2501_LINE83.3-55_F062_1","1.0","20250113.0","23:25","83.3-55","33.7465","-120.4096","1:05","83.3-51","33.8783","-120.143","Inshore","8.0","","Full transect","","","","","","","","Winter CalCOFI 2025","RL2501","2025.0","1.0","GGBC_MAR2026","8.0","5","1","MOSAIC-A","28.660934893669054","2025-01-13 23:25:00","2025-01-13 01:05:00","100.0"
"F062_1_2","F062_1","F062","RL2501_LINE83.3-55_F062_1","1.0","20250113.0","23:25","83.3-55","33.7465","-120.4096","1:05","83.3-51","33.8783","-120.143","Inshore","8.0","","Full transect","","","","","","","","Winter CalCOFI 2025","RL2501","2025.0","1.0","GGBC_MAR2026","8.0","5","1","MOSAIC-A","28.660934893669054","2025-01-13 23:25:00","2025-01-13 01:05:00","100.0"
"F062_1_3","F062_1","F062","RL2501_LINE83.3-55_F062_1","1.0","20250113.0","23:25","83.3-55","33.7465","-120.4096","1:05","83.3-51","33.8783","-120.143","Inshore","8.0","","Full transect","","","","","","","","Winter CalCOFI 2025","RL2501","2025.0","1.0","GGBC_MAR2026","8.0","5","1","MOSAIC-A","28.660934893669054","2025-01-13 23:25:00","2025-01-13 01:05:00","100.0"
"F062_1_4","F062_1","F062","RL2501_LINE83.3-55_F062_1","1.0","20250113.0","23:25","83.3-55","33.7465","-120.4096","1:05","83.3-51","33.8783","-120.143","Inshore","8.0","","Full transect","","","","","","","","Winter CalCOFI 2025","RL2501","2025.0","1.0","GGBC_MAR2026","8.0","5","1","MOSAIC-A","28.660934893669054","2025-01-13 23:25:00","2025-01-13 01:05:00","100.0"
"F064_1_1","F064_1","F064","RL2501_LINE84.5-43.5_F064_1","1.0","20250114.0","8:10","84.5-43.5","33.9214","-119.4715","8:43","84.5-43.5","33.9287","-119.4723","Inshore","12.0","8.5","Station","","","","","","","","Winter CalCOFI 2025","RL2501","2025.0","1.0","GGBC_MAR2026","12.0","5","1","MOSAIC-E","0.8150720843003476","2025-01-14 08:10:00","2025-01-14 08:43:00","33.0"
"F064_1_2","F064_1","F064","RL2501_LINE84.5-43.5_F064_1","1.0","20250114.0","8:10","84.5-43.5","33.9214","-119.4715","8:43","84.5-43.5","33.9287","-119.4723","Inshore","12.0","8.5","Station","","","","","","","","Winter CalCOFI 2025","RL2501","2025.0","1.0","GGBC_MAR2026","12.0","5","1","MOSAIC-E","0.8150720843003476","2025-01-14 08:10:00","2025-01-14 08:43:00","33.0"
"F064_1_3","F064_1","F064","RL2501_LINE84.5-43.5_F064_1","1.0","20250114.0","8:10","84.5-43.5","33.9214","-119.4715","8:43","84.5-43.5","33.9287","-119.4723","Inshore","12.0","8.5","Station","","","","","","","","Winter CalCOFI 2025","RL2501","2025.0","1.0","GGBC_MAR2026","12.0","5","1","MOSAIC-E","0.8150720843003476","2025-01-14 08:10:00","2025-01-14 08:43:00","33.0"
"F064_1_4","F064_1","F064","RL2501_LINE84.5-43.5_F064_1","1.0","20250114.0","8:10","84.5-43.5","33.9214","-119.4715","8:43","84.5-43.5","33.9287","-119.4723","Inshore","12.0","8.5","Station","","","","","","","","Winter CalCOFI 2025","RL2501","2025.0","1.0","GGBC_MAR2026","12.0","5","1","MOSAIC-E","0.8150720843003476","2025-01-14 08:10:00","2025-01-14 08:43:00","33.0"
"F064_2_1","F064_2","F064","RL2501_LINE84.5-43.5_F064_2","2.0","20250114.0","8:10","84.5-43.5","33.9214","-119.4715","8:43","84.5-43.5","33.9287","-119.4723","Inshore","12.0","8.5","Station","","","","","","","","Winter CalCOFI 2025","RL2501","2025.0","1.0","GGBC_MAR2026","8.5","5","1","MOSAIC-E","0.8150720843003476","2025-01-14 08:10:00","2025-01-14 08:43:00","33.0"
"F064_2_2","F064_2","F064","RL2501_LINE84.5-43.5_F064_2","2.0","20250114.0","8:10","84.5-43.5","33.9214","-119.4715","8:43","84.5-43.5","33.9287","-119.4723","Inshore","12.0","8.5","Station","","","","","","","","Winter CalCOFI 2025","RL2501","2025.0","1.0","GGBC_MAR2026","8.5","5","1","MOSAIC-E","0.8150720843003476","2025-01-14 08:10:00","2025-01-14 08:43:00","33.0"
"F064_2_3","F064_2","F064","RL2501_LINE84.5-43.5_F064_2","2.0","20250114.0","8:10","84.5-43.5","33.9214","-119.4715","8:43","84.5-43.5","33.9287","-119.4723","Inshore","12.0","8.5","Station","","","","","","","","Winter CalCOFI 2025","RL2501","2025.0","1.0","GGBC_MAR2026","8.5","5","1","MOSAIC-E","0.8150720843003476","2025-01-14 08:10:00","2025-01-14 08:43:00","33.0"
"F064_2_4","F064_2","F064","RL2501_LINE84.5-43.5_F064_2","2.0","20250114.0","8:10","84.5-43.5","33.9214","-119.4715","8:43","84.5-43.5","33.9287","-119.4723","Inshore","12.0","8.5","Station","","","","","","","","Winter CalCOFI 2025","RL2501","2025.0","1.0","GGBC_MAR2026","8.5","5","1","MOSAIC-E","0.8150720843003476","2025-01-14 08:10:00","2025-01-14 08:43:00","33.0"
"F065_2_1","F065_2","F065","RL2501_LINE84.5-43.5_F065_2","2.0","20250114.0","9:39","84.5-43.5","33.9434","-119.4585","10:28","84-41.7","34.0486","-119.4161","Inshore","12.0","6.0","Full transect","1000 common dolphins","","","","","","","Winter CalCOFI 2025","RL2501","2025.0","1.0","GGBC_MAR2026","6.0","5","1","MOSAIC-A","12.333498411527842","2025-01-14 09:39:00","2025-01-14 10:28:00","49.0"
"F065_2_2","F065_2","F065","RL2501_LINE84.5-43.5_F065_2","2.0","20250114.0","9:39","84.5-43.5","33.9434","-119.4585","10:28","84-41.7","34.0486","-119.4161","Inshore","12.0","6.0","Full transect","1000 common dolphins","","","","","","","Winter CalCOFI 2025","RL2501","2025.0","1.0","GGBC_MAR2026","6.0","5","1","MOSAIC-A","12.333498411527842","2025-01-14 09:39:00","2025-01-14 10:28:00","49.0"
"F065_2_3","F065_2","F065","RL2501_LINE84.5-43.5_F065_2","2.0","20250114.0","9:39","84.5-43.5","33.9434","-119.4585","10:28","84-41.7","34.0486","-119.4161","Inshore","12.0","6.0","Full transect","1000 common dolphins","","","","","","","Winter CalCOFI 2025","RL2501","2025.0","1.0","GGBC_MAR2026","6.0","5","1","MOSAIC-A","12.333498411527842","2025-01-14 09:39:00","2025-01-14 10:28:00","49.0"
"F065_2_4","F065_2","F065","RL2501_LINE84.5-43.5_F065_2","2.0","20250114.0","9:39","84.5-43.5","33.9434","-119.4585","10:28","84-41.7","34.0486","-119.4161","Inshore","12.0","6.0","Full transect","1000 common dolphins","","","","","","","Winter CalCOFI 2025","RL2501","2025.0","1.0","GGBC_MAR2026","6.0","5","1","MOSAIC-A","12.333498411527842","2025-01-14 09:39:00","2025-01-14 10:28:00","49.0"
"F066_1_1","F066_1","F066","RL2501_LINE84-41.7_F066_1","1.0","20250114.0","11:16","84-41.7","34.0649","-119.4125","11:29","84-41.7","34.064","-119.4128","Inshore","9.0","","Station","","","","","","","","Winter CalCOFI 2025","RL2501","2025.0","1.0","GGBC_MAR2026","9.0","5","1","MOSAIC-E","0.10382080170952815","2025-01-14 11:16:00","2025-01-14 11:29:00","13.0"
"F066_1_2","F066_1","F066","RL2501_LINE84-41.7_F066_1","1.0","20250114.0","11:16","84-41.7","34.0649","-119.4125","11:29","84-41.7","34.064","-119.4128","Inshore","9.0","","Station","","","","","","","","Winter CalCOFI 2025","RL2501","2025.0","1.0","GGBC_MAR2026","9.0","5","1","MOSAIC-E","0.10382080170952815","2025-01-14 11:16:00","2025-01-14 11:29:00","13.0"
"F066_1_3","F066_1","F066","RL2501_LINE84-41.7_F066_1","1.0","20250114.0","11:16","84-41.7","34.0649","-119.4125","11:29","84-41.7","34.064","-119.4128","Inshore","9.0","","Station","","","","","","","","Winter CalCOFI 2025","RL2501","2025.0","1.0","GGBC_MAR2026","9.0","5","1","MOSAIC-E","0.10382080170952815","2025-01-14 11:16:00","2025-01-14 11:29:00","13.0"
"F066_1_4","F066_1","F066","RL2501_LINE84-41.7_F066_1","1.0","20250114.0","11:16","84-41.7","34.0649","-119.4125","11:29","84-41.7","34.064","-119.4128","Inshore","9.0","","Station","","","","","","","","Winter CalCOFI 2025","RL2501","2025.0","1.0","GGBC_MAR2026","9.0","5","1","MOSAIC-E","0.10382080170952815","2025-01-14 11:16:00","2025-01-14 11:29:00","13.0"
"F068_1_1","F068_1","F068","RL2501_LINE83.3-42_F068_1","1.0","20250114.0","14:21","83.3-42","34.1632","-119.536","15:07","83.3-40.6","34.2248","-119.411","Inshore","21.0","","Full transect","Filter fell off at some point towards end of transect","","","","","","","Winter CalCOFI 2025","RL2501","2025.0","1.0","GGBC_MAR2026","21.0","5","1","MOSAIC-A","13.382507165510681","2025-01-14 14:21:00","2025-01-14 15:07:00","46.0"
"F068_1_2","F068_1","F068","RL2501_LINE83.3-42_F068_1","1.0","20250114.0","14:21","83.3-42","34.1632","-119.536","15:07","83.3-40.6","34.2248","-119.411","Inshore","21.0","","Full transect","Filter fell off at some point towards end of transect","","","","","","","Winter CalCOFI 2025","RL2501","2025.0","1.0","GGBC_MAR2026","21.0","5","1","MOSAIC-A","13.382507165510681","2025-01-14 14:21:00","2025-01-14 15:07:00","46.0"
"F068_1_3","F068_1","F068","RL2501_LINE83.3-42_F068_1","1.0","20250114.0","14:21","83.3-42","34.1632","-119.536","15:07","83.3-40.6","34.2248","-119.411","Inshore","21.0","","Full transect","Filter fell off at some point towards end of transect","","","","","","","Winter CalCOFI 2025","RL2501","2025.0","1.0","GGBC_MAR2026","21.0","5","1","MOSAIC-A","13.382507165510681","2025-01-14 14:21:00","2025-01-14 15:07:00","46.0"
"F068_1_4","F068_1","F068","RL2501_LINE83.3-42_F068_1","1.0","20250114.0","14:21","83.3-42","34.1632","-119.536","15:07","83.3-40.6","34.2248","-119.411","Inshore","21.0","","Full transect","Filter fell off at some point towards end of transect","","","","","","","Winter CalCOFI 2025","RL2501","2025.0","1.0","GGBC_MAR2026","21.0","5","1","MOSAIC-A","13.382507165510681","2025-01-14 14:21:00","2025-01-14 15:07:00","46.0"
"F068_2_1","F068_2","F068","RL2501_LINE83.3-42_F068_2","2.0","20250114.0","14:21","83.3-42","34.1632","-119.536","15:07","83.3-40.6","34.2248","-119.411","Inshore","21.0","","Full transect","Filter fell off at some point towards end of transect","","","","","","","Winter CalCOFI 2025","RL2501","2025.0","1.0","GGBC_MAR2026","","5","1","MOSAIC-A","13.382507165510681","2025-01-14 14:21:00","2025-01-14 15:07:00","46.0"
"F068_2_2","F068_2","F068","RL2501_LINE83.3-42_F068_2","2.0","20250114.0","14:21","83.3-42","34.1632","-119.536","15:07","83.3-40.6","34.2248","-119.411","Inshore","21.0","","Full transect","Filter fell off at some point towards end of transect","","","","","","","Winter CalCOFI 2025","RL2501","2025.0","1.0","GGBC_MAR2026","","5","1","MOSAIC-A","13.382507165510681","2025-01-14 14:21:00","2025-01-14 15:07:00","46.0"
"F068_2_3","F068_2","F068","RL2501_LINE83.3-42_F068_2","2.0","20250114.0","14:21","83.3-42","34.1632","-119.536","15:07","83.3-40.6","34.2248","-119.411","Inshore","21.0","","Full transect","Filter fell off at some point towards end of transect","","","","","","","Winter CalCOFI 2025","RL2501","2025.0","1.0","GGBC_MAR2026","","5","1","MOSAIC-A","13.382507165510681","2025-01-14 14:21:00","2025-01-14 15:07:00","46.0"
"F068_2_4","F068_2","F068","RL2501_LINE83.3-42_F068_2","2.0","20250114.0","14:21","83.3-42","34.1632","-119.536","15:07","83.3-40.6","34.2248","-119.411","Inshore","21.0","","Full transect","Filter fell off at some point towards end of transect","","","","","","","Winter CalCOFI 2025","RL2501","2025.0","1.0","GGBC_MAR2026","","5","1","MOSAIC-A","13.382507165510681","2025-01-14 14:21:00","2025-01-14 15:07:00","46.0"
"F069_1_1","F069_1","F069","RL2501_LINE83.3-40.6_F069_1","1.0","20250114.0","15:16","83.3-40.6","34.2275","-119.4062","15:25","83.3-40.6","34.2251","-119.4062","Inshore","10.0","","Station","","","","","","","","Winter CalCOFI 2025","RL2501","2025.0","1.0","GGBC_MAR2026","10.0","5","1","MOSAIC-E","0.2668678169777385","2025-01-14 15:16:00","2025-01-14 15:25:00","9.0"
"F069_1_2","F069_1","F069","RL2501_LINE83.3-40.6_F069_1","1.0","20250114.0","15:16","83.3-40.6","34.2275","-119.4062","15:25","83.3-40.6","34.2251","-119.4062","Inshore","10.0","","Station","","","","","","","","Winter CalCOFI 2025","RL2501","2025.0","1.0","GGBC_MAR2026","10.0","5","1","MOSAIC-E","0.2668678169777385","2025-01-14 15:16:00","2025-01-14 15:25:00","9.0"
"F069_1_3","F069_1","F069","RL2501_LINE83.3-40.6_F069_1","1.0","20250114.0","15:16","83.3-40.6","34.2275","-119.4062","15:25","83.3-40.6","34.2251","-119.4062","Inshore","10.0","","Station","","","","","","","","Winter CalCOFI 2025","RL2501","2025.0","1.0","GGBC_MAR2026","10.0","5","1","MOSAIC-E","0.2668678169777385","2025-01-14 15:16:00","2025-01-14 15:25:00","9.0"
"F069_1_4","F069_1","F069","RL2501_LINE83.3-40.6_F069_1","1.0","20250114.0","15:16","83.3-40.6","34.2275","-119.4062","15:25","83.3-40.6","34.2251","-119.4062","Inshore","10.0","","Station","","","","","","","","Winter CalCOFI 2025","RL2501","2025.0","1.0","GGBC_MAR2026","10.0","5","1","MOSAIC-E","0.2668678169777385","2025-01-14 15:16:00","2025-01-14 15:25:00","9.0"
"F070_1_1","F070_1","F070","RL2501_LINE83.3-40.6_F070_1","1.0","20250114.0","16:01","83.3-40.6","34.218","-119.4146","16:23","83.3-39.4","34.2606","-119.3968","Inshore","12.0","","Full transect","Filter fell off at some point towards end of transect, 1000 common dolphins","","","","","","","Winter CalCOFI 2025","RL2501","2025.0","1.0","GGBC_MAR2026","12.0","5","1","MOSAIC-A","5.011544548527472","2025-01-14 16:01:00","2025-01-14 16:23:00","22.0"
"F070_1_2","F070_1","F070","RL2501_LINE83.3-40.6_F070_1","1.0","20250114.0","16:01","83.3-40.6","34.218","-119.4146","16:23","83.3-39.4","34.2606","-119.3968","Inshore","12.0","","Full transect","Filter fell off at some point towards end of transect, 1000 common dolphins","","","","","","","Winter CalCOFI 2025","RL2501","2025.0","1.0","GGBC_MAR2026","12.0","5","1","MOSAIC-A","5.011544548527472","2025-01-14 16:01:00","2025-01-14 16:23:00","22.0"
"F070_1_3","F070_1","F070","RL2501_LINE83.3-40.6_F070_1","1.0","20250114.0","16:01","83.3-40.6","34.218","-119.4146","16:23","83.3-39.4","34.2606","-119.3968","Inshore","12.0","","Full transect","Filter fell off at some point towards end of transect, 1000 common dolphins","","","","","","","Winter CalCOFI 2025","RL2501","2025.0","1.0","GGBC_MAR2026","12.0","5","1","MOSAIC-A","5.011544548527472","2025-01-14 16:01:00","2025-01-14 16:23:00","22.0"
"F070_1_4","F070_1","F070","RL2501_LINE83.3-40.6_F070_1","1.0","20250114.0","16:01","83.3-40.6","34.218","-119.4146","16:23","83.3-39.4","34.2606","-119.3968","Inshore","12.0","","Full transect","Filter fell off at some point towards end of transect, 1000 common dolphins","","","","","","","Winter CalCOFI 2025","RL2501","2025.0","1.0","GGBC_MAR2026","12.0","5","1","MOSAIC-A","5.011544548527472","2025-01-14 16:01:00","2025-01-14 16:23:00","22.0"
"F073_1_1","F073_1","F073","RL2501_LINE82.7-46.1_F073_1","1.0","20250114.0","22:53","82.7-46.1","34.1299","-119.8594","0:11","81.8-46.9","34.2779","-120.0251","Inshore","7.0","","Full transect","","","","","","","","Winter CalCOFI 2025","RL2501","2025.0","1.0","GGBC_MAR2026","7.0","5","1","MOSAIC-A","22.428372913489774","2025-01-14 22:53:00","2025-01-14 00:11:00","78.0"
"F073_1_2","F073_1","F073","RL2501_LINE82.7-46.1_F073_1","1.0","20250114.0","22:53","82.7-46.1","34.1299","-119.8594","0:11","81.8-46.9","34.2779","-120.0251","Inshore","7.0","","Full transect","","","","","","","","Winter CalCOFI 2025","RL2501","2025.0","1.0","GGBC_MAR2026","7.0","5","1","MOSAIC-A","22.428372913489774","2025-01-14 22:53:00","2025-01-14 00:11:00","78.0"
"F073_1_3","F073_1","F073","RL2501_LINE82.7-46.1_F073_1","1.0","20250114.0","22:53","82.7-46.1","34.1299","-119.8594","0:11","81.8-46.9","34.2779","-120.0251","Inshore","7.0","","Full transect","","","","","","","","Winter CalCOFI 2025","RL2501","2025.0","1.0","GGBC_MAR2026","7.0","5","1","MOSAIC-A","22.428372913489774","2025-01-14 22:53:00","2025-01-14 00:11:00","78.0"
"F073_1_4","F073_1","F073","RL2501_LINE82.7-46.1_F073_1","1.0","20250114.0","22:53","82.7-46.1","34.1299","-119.8594","0:11","81.8-46.9","34.2779","-120.0251","Inshore","7.0","","Full transect","","","","","","","","Winter CalCOFI 2025","RL2501","2025.0","1.0","GGBC_MAR2026","7.0","5","1","MOSAIC-A","22.428372913489774","2025-01-14 22:53:00","2025-01-14 00:11:00","78.0"
"F076_1_1","F076_1","F076","RL2501_LINE80-55_F076_1","1.0","20250115.0","10:51","80-55","34.3207","-120.8106","12:35","81.2-53.9","34.1524","-120.591","Inshore","23.0","","Full transect","","","","","","","","Winter CalCOFI 2025","RL2501","2025.0","1.0","GGBC_MAR2026","23.0","5","1","MOSAIC-A","27.527098409813988","2025-01-15 10:51:00","2025-01-15 12:35:00","104.0"
"F076_1_2","F076_1","F076","RL2501_LINE80-55_F076_1","1.0","20250115.0","10:51","80-55","34.3207","-120.8106","12:35","81.2-53.9","34.1524","-120.591","Inshore","23.0","","Full transect","","","","","","","","Winter CalCOFI 2025","RL2501","2025.0","1.0","GGBC_MAR2026","23.0","5","1","MOSAIC-A","27.527098409813988","2025-01-15 10:51:00","2025-01-15 12:35:00","104.0"
"F076_1_3","F076_1","F076","RL2501_LINE80-55_F076_1","1.0","20250115.0","10:51","80-55","34.3207","-120.8106","12:35","81.2-53.9","34.1524","-120.591","Inshore","23.0","","Full transect","","","","","","","","Winter CalCOFI 2025","RL2501","2025.0","1.0","GGBC_MAR2026","23.0","5","1","MOSAIC-A","27.527098409813988","2025-01-15 10:51:00","2025-01-15 12:35:00","104.0"
"F076_1_4","F076_1","F076","RL2501_LINE80-55_F076_1","1.0","20250115.0","10:51","80-55","34.3207","-120.8106","12:35","81.2-53.9","34.1524","-120.591","Inshore","23.0","","Full transect","","","","","","","","Winter CalCOFI 2025","RL2501","2025.0","1.0","GGBC_MAR2026","23.0","5","1","MOSAIC-A","27.527098409813988","2025-01-15 10:51:00","2025-01-15 12:35:00","104.0"
"F078_1_1","F078_1","F078","RL2501_LINE80.7-59.9_F078_1","1.0","20250115.0","19:13","80.7-59.9","34.0562","-121.0697","19:53","80-60","34.1476","-121.1486","Inshore","6.0","","Full transect","","","","","","","","Winter CalCOFI 2025","RL2501","2025.0","1.0","GGBC_MAR2026","6.0","5","1","MOSAIC-A","12.492636113550365","2025-01-15 19:13:00","2025-01-15 19:53:00","40.0"
"F078_1_2","F078_1","F078","RL2501_LINE80.7-59.9_F078_1","1.0","20250115.0","19:13","80.7-59.9","34.0562","-121.0697","19:53","80-60","34.1476","-121.1486","Inshore","6.0","","Full transect","","","","","","","","Winter CalCOFI 2025","RL2501","2025.0","1.0","GGBC_MAR2026","6.0","5","1","MOSAIC-A","12.492636113550365","2025-01-15 19:13:00","2025-01-15 19:53:00","40.0"
"F078_1_3","F078_1","F078","RL2501_LINE80.7-59.9_F078_1","1.0","20250115.0","19:13","80.7-59.9","34.0562","-121.0697","19:53","80-60","34.1476","-121.1486","Inshore","6.0","","Full transect","","","","","","","","Winter CalCOFI 2025","RL2501","2025.0","1.0","GGBC_MAR2026","6.0","5","1","MOSAIC-A","12.492636113550365","2025-01-15 19:13:00","2025-01-15 19:53:00","40.0"
"F078_1_4","F078_1","F078","RL2501_LINE80.7-59.9_F078_1","1.0","20250115.0","19:13","80.7-59.9","34.0562","-121.0697","19:53","80-60","34.1476","-121.1486","Inshore","6.0","","Full transect","","","","","","","","Winter CalCOFI 2025","RL2501","2025.0","1.0","GGBC_MAR2026","6.0","5","1","MOSAIC-A","12.492636113550365","2025-01-15 19:13:00","2025-01-15 19:53:00","40.0"
"F079_1_1","F079_1","F079","RL2501_LINE80-60_F079_1","1.0","20250115.0","21:53","80-60","34.1508","-121.1808","1:28","80-70","33.81","-121.8292","Offshore","11.5","","Full transect","Filter ripped","","","","","","","Winter CalCOFI 2025","RL2501","2025.0","1.0","GGBC_MAR2026","11.5","5","1","MOSAIC-A","70.78435343665056","2025-01-15 21:53:00","2025-01-15 01:28:00","215.0"
"F079_1_2","F079_1","F079","RL2501_LINE80-60_F079_1","1.0","20250115.0","21:53","80-60","34.1508","-121.1808","1:28","80-70","33.81","-121.8292","Offshore","11.5","","Full transect","Filter ripped","","","","","","","Winter CalCOFI 2025","RL2501","2025.0","1.0","GGBC_MAR2026","11.5","5","1","MOSAIC-A","70.78435343665056","2025-01-15 21:53:00","2025-01-15 01:28:00","215.0"
"F079_1_3","F079_1","F079","RL2501_LINE80-60_F079_1","1.0","20250115.0","21:53","80-60","34.1508","-121.1808","1:28","80-70","33.81","-121.8292","Offshore","11.5","","Full transect","Filter ripped","","","","","","","Winter CalCOFI 2025","RL2501","2025.0","1.0","GGBC_MAR2026","11.5","5","1","MOSAIC-A","70.78435343665056","2025-01-15 21:53:00","2025-01-15 01:28:00","215.0"
"F079_1_4","F079_1","F079","RL2501_LINE80-60_F079_1","1.0","20250115.0","21:53","80-60","34.1508","-121.1808","1:28","80-70","33.81","-121.8292","Offshore","11.5","","Full transect","Filter ripped","","","","","","","Winter CalCOFI 2025","RL2501","2025.0","1.0","GGBC_MAR2026","11.5","5","1","MOSAIC-A","70.78435343665056","2025-01-15 21:53:00","2025-01-15 01:28:00","215.0"
"F081_1_1","F081_1","F081","RL2501_LINE80-80_F081_1","1.0","20250116.0","8:55","80-80","33.4748","-122.5334","9:25","80-80","33.4699","-122.5322","Offshore","10.0","","Station","","","","","","","","Winter CalCOFI 2025","RL2501","2025.0","1.0","GGBC_MAR2026","10.0","5","1","MOSAIC-E","0.5561076711847099","2025-01-16 08:55:00","2025-01-16 09:25:00","30.0"
"F081_1_2","F081_1","F081","RL2501_LINE80-80_F081_1","1.0","20250116.0","8:55","80-80","33.4748","-122.5334","9:25","80-80","33.4699","-122.5322","Offshore","10.0","","Station","","","","","","","","Winter CalCOFI 2025","RL2501","2025.0","1.0","GGBC_MAR2026","10.0","5","1","MOSAIC-E","0.5561076711847099","2025-01-16 08:55:00","2025-01-16 09:25:00","30.0"
"F081_1_3","F081_1","F081","RL2501_LINE80-80_F081_1","1.0","20250116.0","8:55","80-80","33.4748","-122.5334","9:25","80-80","33.4699","-122.5322","Offshore","10.0","","Station","","","","","","","","Winter CalCOFI 2025","RL2501","2025.0","1.0","GGBC_MAR2026","10.0","5","1","MOSAIC-E","0.5561076711847099","2025-01-16 08:55:00","2025-01-16 09:25:00","30.0"
"F081_1_4","F081_1","F081","RL2501_LINE80-80_F081_1","1.0","20250116.0","8:55","80-80","33.4748","-122.5334","9:25","80-80","33.4699","-122.5322","Offshore","10.0","","Station","","","","","","","","Winter CalCOFI 2025","RL2501","2025.0","1.0","GGBC_MAR2026","10.0","5","1","MOSAIC-E","0.5561076711847099","2025-01-16 08:55:00","2025-01-16 09:25:00","30.0"
"F082_1_1","F082_1","F082","RL2501_LINE80-80_F082_1","1.0","20250116.0","9:35","80-80","33.4627","-122.5488","13:14","80-90","33.1535","-123.2075","Offshore","17.5","","Full transect","","","","","","","","Winter CalCOFI 2025","RL2501","2025.0","1.0","GGBC_MAR2026","17.5","5","1","MOSAIC-A","70.20679711122557","2025-01-16 09:35:00","2025-01-16 13:14:00","219.0"
"F082_1_2","F082_1","F082","RL2501_LINE80-80_F082_1","1.0","20250116.0","9:35","80-80","33.4627","-122.5488","13:14","80-90","33.1535","-123.2075","Offshore","17.5","","Full transect","","","","","","","","Winter CalCOFI 2025","RL2501","2025.0","1.0","GGBC_MAR2026","17.5","5","1","MOSAIC-A","70.20679711122557","2025-01-16 09:35:00","2025-01-16 13:14:00","219.0"
"F082_1_3","F082_1","F082","RL2501_LINE80-80_F082_1","1.0","20250116.0","9:35","80-80","33.4627","-122.5488","13:14","80-90","33.1535","-123.2075","Offshore","17.5","","Full transect","","","","","","","","Winter CalCOFI 2025","RL2501","2025.0","1.0","GGBC_MAR2026","17.5","5","1","MOSAIC-A","70.20679711122557","2025-01-16 09:35:00","2025-01-16 13:14:00","219.0"
"F082_1_4","F082_1","F082","RL2501_LINE80-80_F082_1","1.0","20250116.0","9:35","80-80","33.4627","-122.5488","13:14","80-90","33.1535","-123.2075","Offshore","17.5","","Full transect","","","","","","","","Winter CalCOFI 2025","RL2501","2025.0","1.0","GGBC_MAR2026","17.5","5","1","MOSAIC-A","70.20679711122557","2025-01-16 09:35:00","2025-01-16 13:14:00","219.0"
"F083_1_1","F083_1","F083","RL2501_LINE80-90_F083_1","1.0","20250116.0","15:17","80-90","33.1347","-123.2587","18:46","80-100","32.8207","-123.8962","Offshore","19.0","","Full transect","Sample sat at room temp overnight before freezing","","","","","","","Winter CalCOFI 2025","RL2501","2025.0","1.0","GGBC_MAR2026","19.0","5","1","MOSAIC-A","68.95800370524591","2025-01-16 15:17:00","2025-01-16 18:46:00","209.0"
"F083_1_2","F083_1","F083","RL2501_LINE80-90_F083_1","1.0","20250116.0","15:17","80-90","33.1347","-123.2587","18:46","80-100","32.8207","-123.8962","Offshore","19.0","","Full transect","Sample sat at room temp overnight before freezing","","","","","","","Winter CalCOFI 2025","RL2501","2025.0","1.0","GGBC_MAR2026","19.0","5","1","MOSAIC-A","68.95800370524591","2025-01-16 15:17:00","2025-01-16 18:46:00","209.0"
"F083_1_3","F083_1","F083","RL2501_LINE80-90_F083_1","1.0","20250116.0","15:17","80-90","33.1347","-123.2587","18:46","80-100","32.8207","-123.8962","Offshore","19.0","","Full transect","Sample sat at room temp overnight before freezing","","","","","","","Winter CalCOFI 2025","RL2501","2025.0","1.0","GGBC_MAR2026","19.0","5","1","MOSAIC-A","68.95800370524591","2025-01-16 15:17:00","2025-01-16 18:46:00","209.0"
"F083_1_4","F083_1","F083","RL2501_LINE80-90_F083_1","1.0","20250116.0","15:17","80-90","33.1347","-123.2587","18:46","80-100","32.8207","-123.8962","Offshore","19.0","","Full transect","Sample sat at room temp overnight before freezing","","","","","","","Winter CalCOFI 2025","RL2501","2025.0","1.0","GGBC_MAR2026","19.0","5","1","MOSAIC-A","68.95800370524591","2025-01-16 15:17:00","2025-01-16 18:46:00","209.0"
"F084_1_1","F084_1","F084","RL2501_LINE80-100_F084_1","1.0","20250116.0","20:59","80-100","32.8892","-123.9517","0:21","76.7-100","33.38","-124.312","Offshore","12.5","","Full transect","","","","","","","","Winter CalCOFI 2025","RL2501","2025.0","1.0","GGBC_MAR2026","12.5","5","1","MOSAIC-A","64.06149209246234","2025-01-16 20:59:00","2025-01-16 00:21:00","202.0"
"F084_1_2","F084_1","F084","RL2501_LINE80-100_F084_1","1.0","20250116.0","20:59","80-100","32.8892","-123.9517","0:21","76.7-100","33.38","-124.312","Offshore","12.5","","Full transect","","","","","","","","Winter CalCOFI 2025","RL2501","2025.0","1.0","GGBC_MAR2026","12.5","5","1","MOSAIC-A","64.06149209246234","2025-01-16 20:59:00","2025-01-16 00:21:00","202.0"
"F084_1_3","F084_1","F084","RL2501_LINE80-100_F084_1","1.0","20250116.0","20:59","80-100","32.8892","-123.9517","0:21","76.7-100","33.38","-124.312","Offshore","12.5","","Full transect","","","","","","","","Winter CalCOFI 2025","RL2501","2025.0","1.0","GGBC_MAR2026","12.5","5","1","MOSAIC-A","64.06149209246234","2025-01-16 20:59:00","2025-01-16 00:21:00","202.0"
"F084_1_4","F084_1","F084","RL2501_LINE80-100_F084_1","1.0","20250116.0","20:59","80-100","32.8892","-123.9517","0:21","76.7-100","33.38","-124.312","Offshore","12.5","","Full transect","","","","","","","","Winter CalCOFI 2025","RL2501","2025.0","1.0","GGBC_MAR2026","12.5","5","1","MOSAIC-A","64.06149209246234","2025-01-16 20:59:00","2025-01-16 00:21:00","202.0"
"F085_1_1","F085_1","F085","RL2501_LINE76.7-100_F085_1","1.0","20250117.0","2:25","76.7-100","33.3923","-124.3124","5:54","76.7-90","33.7189","-123.6315","Offshore","23.0","","Full transect","","","","","","","","Winter CalCOFI 2025","RL2501","2025.0","1.0","GGBC_MAR2026","23.0","5","1","MOSAIC-A","72.79988822089875","2025-01-17 02:25:00","2025-01-17 05:54:00","209.0"
"F085_1_2","F085_1","F085","RL2501_LINE76.7-100_F085_1","1.0","20250117.0","2:25","76.7-100","33.3923","-124.3124","5:54","76.7-90","33.7189","-123.6315","Offshore","23.0","","Full transect","","","","","","","","Winter CalCOFI 2025","RL2501","2025.0","1.0","GGBC_MAR2026","23.0","5","1","MOSAIC-A","72.79988822089875","2025-01-17 02:25:00","2025-01-17 05:54:00","209.0"
"F085_1_3","F085_1","F085","RL2501_LINE76.7-100_F085_1","1.0","20250117.0","2:25","76.7-100","33.3923","-124.3124","5:54","76.7-90","33.7189","-123.6315","Offshore","23.0","","Full transect","","","","","","","","Winter CalCOFI 2025","RL2501","2025.0","1.0","GGBC_MAR2026","23.0","5","1","MOSAIC-A","72.79988822089875","2025-01-17 02:25:00","2025-01-17 05:54:00","209.0"
"F085_1_4","F085_1","F085","RL2501_LINE76.7-100_F085_1","1.0","20250117.0","2:25","76.7-100","33.3923","-124.3124","5:54","76.7-90","33.7189","-123.6315","Offshore","23.0","","Full transect","","","","","","","","Winter CalCOFI 2025","RL2501","2025.0","1.0","GGBC_MAR2026","23.0","5","1","MOSAIC-A","72.79988822089875","2025-01-17 02:25:00","2025-01-17 05:54:00","209.0"
